ngram,frequency,probability
 ‡§ï,47239,0.03899141823968674
‡•á ,40672,0.03357096811203749
‡•Ä ,29349,0.02422488058419031
‡§æ ,27300,0.022533620905257266
‡§∞ ,21954,0.018120993163150845
‡§Ç ,19795,0.016338938674709435
 ‡§π,19551,0.016137539279072705
 ‡§∏,18835,0.015546547609909181
 ‡§Æ,17969,0.014831744836870617
 ‡§™,14065,0.011609354506682911
‡§ï‡•á,14016,0.01156890954608373
‡§®‡•á,12072,0.009964317639863213
‡•á‡§Ç,11643,0.0096102178827806
 ‡§¨,10916,0.009010146732666239
 ‡§®,10521,0.0086841108257953
‡§π‡•à,10386,0.008572680832307765
‡§æ‡§∞,10012,0.008263978479979332
‡§Æ‡•á,9897,0.008169056633675134
‡§Ø‡§æ,9592,0.00791730738912922
‡§ï‡§æ,9423,0.007777813545430008
‡•ã ,9143,0.007546699484863267
‡§ï‡•Ä,8763,0.007233044688379832
 ‡§¶,8473,0.006993676554221422
 ‡§ú,8439,0.006965612704009747
‡§® ,8432,0.006959834852495578
‡•ç‡§∞,8246,0.0068063090836905284
 ‡§∞,7705,0.0063597637023812175
 ‡§≤,7522,0.006208714155653669
‡§ï‡§ø,7405,0.006112141494631138
‡§ï‡•ã,7194,0.005937980541846915
‡§∏‡•á,7011,0.005786930995119366
 ‡§Ö,6954,0.005739882775646851
‡§ï‡§∞,6843,0.005648262558779322
‡§∏ ,6689,0.005521149825467614
‡§æ‡§®,6533,0.005392386277437573
‡•ã‡§Ç,6503,0.005367624056662564
‡§∞‡•ç,6445,0.0053197504298308825
 ‡§µ,6418,0.0052974644311333755
‡§≤ ,6044,0.0049887620788049425
‡§∞‡§æ,5905,0.004874030455880738
‡§§‡§æ,5861,0.0048377125320773935
‡§ø‡§Ø,5793,0.004781584831654042
‡§ï ,5790,0.004779108609576541
‡§®‡§æ,5583,0.004608249286228986
‡§§ ,5545,0.004576883806580643
 ‡§ó,5470,0.004514978254643123
‡§µ‡§æ,5109,0.00421700619798386
 ‡§á,5098,0.004207926717033024
 ‡§Ü,4942,0.004079163169002982
 ‡§â,4760,0.0039289390296346005
‡§≤‡•á,4737,0.003909954660373761
‡§π‡•Ä,4657,0.0038439220716404063
‡§Æ‡§æ,4637,0.0038274139244570678
‡§∏‡•ç,4621,0.0038142074067103967
‡§π‡§æ,4601,0.003797699259527058
‡§ø ,4595,0.0037927468153720564
‡§∞‡•Ä,4586,0.003785318149139554
‡§≤‡§æ,4540,0.0037473494106178753
 ‡§§,4483,0.00370030119114536
‡§Æ ,4292,0.003542648385544476
‡§ø‡§≤,4224,0.0034865206851211242
‡§æ‡§≤,4208,0.0034733141673744536
‡§™‡§∞,4207,0.0034724887600152865
 ‡§≠,4172,0.003443599502444444
‡§ï‡•ç,4098,0.003382519357866091
‡•ç‡§Ø,4064,0.003354455507654415
‡§∏‡§æ,4028,0.0033247408427244055
‡§≤‡§ø,4023,0.003320613805928571
‡§î‡§∞,3888,0.003209183812441035
 ‡§î,3871,0.0031951518873351973
‡•à‡§Ç,3868,0.0031926756652576964
‡§ú‡§æ,3827,0.003158833963531852
‡§è ,3776,0.0031167381882143386
‡§¨‡§æ,3725,0.003074642412896825
‡§∞‡•á,3694,0.00304905478476265
‡§á‡§∏,3637,0.003002006565290135
‡§æ‡§Ç,3601,0.002972291900360125
‡•ç‡§ü,3580,0.0029549583458176195
‡§π‡•ã,3568,0.0029450534575076164
‡§à ,3360,0.0027733687268008942
 ‡§Ø,3341,0.0027576859869767227
‡§∞‡§π,3319,0.00273952702507505
‡§¶ ,3303,0.0027263205073283794
 ‡§è,3284,0.0027106377675042074
 ‡§•,3282,0.0027089869527858737
‡§§‡•ç,3275,0.0027032091012717053
‡§ø‡§∏,3200,0.002641303549334185
 ‡§ö,3185,0.002628922438946681
‡§ø‡§ï,3136,0.0025884774783475014
 ‡§∂,3123,0.0025777471826783313
‡§π ,3090,0.0025505087398258225
‡§ü ,3088,0.0025488579251074887
‡§™‡•ç,3081,0.0025430800735933203
‡§≠‡•Ä,3077,0.0025397784441566523
‡§æ‡§Æ,3026,0.002497682668839139
‡•ç‡§§,2987,0.0024654917818316283
‡§Ç‡§ó,2964,0.002446507412570789
‡§∞‡§ø,2955,0.0024390787463382867
‡§¶‡§ø,2895,0.0023895543047882705
 ‡§´,2829,0.002335077419083253
‡§°‡§º,2818,0.0023259979381324166
‡§¶‡•á,2738,0.0022599653493990623
‡§∞‡•ã,2731,0.002254187497884894
‡§æ‡§Ø,2729,0.0022525366831665596
‡§æ‡§§,2691,0.0022211712035182163
‡§æ‡§¶,2579,0.00212872557929152
‡§≤‡•Ä,2498,0.0020618675831989984
‡§µ‡§ø,2484,0.002050311880170661
‡§™‡§æ,2480,0.0020470102507339936
 ‡§ñ,2431,0.002006565290134814
‡§§‡•á,2397,0.001978501439923138
‡§ø‡§è,2387,0.0019702473663314687
‡§Ø ,2380,0.0019644695148173003
‡§è‡§ï,2370,0.001956215441225631
‡§®‡•Ä,2346,0.0019364056646056244
‡§∏‡§ï,2319,0.0019141196659081172
‡§∏‡•Ä,2293,0.001892659074569777
‡§π‡•Å,2287,0.0018877066304147753
‡•Ä‡§Ç,2279,0.00188110337154144
‡•ç‡§Æ,2279,0.00188110337154144
‡§ó‡§æ,2254,0.0018604681875622666
‡§â‡§®,2242,0.0018505632992522635
‡§®‡•ç,2127,0.0017556414529480663
‡§§‡•Ä,2110,0.0017416095278422283
‡§Ø‡•ã,2099,0.0017325300468913922
‡•Å‡§≤,2092,0.0017267521953772235
‡§≤‡•ç,2092,0.0017267521953772235
‡§ø‡§§,2066,0.0017052916040388832
‡§¨ ,2046,0.0016887834568555446
‡§ø‡§∞,2028,0.0016739261243905398
‡•à ,1977,0.0016318303490730263
‡§•‡§æ,1975,0.0016301795343546925
‡§ø‡§®,1967,0.001623576275481357
‡§™‡•Ä,1896,0.0015649723529805046
‡§ï‡§π,1895,0.0015641469456213377
‡•á‡§∂,1885,0.0015558928720296684
‡§Æ‡§ø,1867,0.0015410355395646636
‡§¶‡•Ä,1865,0.0015393847248463299
‡§ó ,1860,0.0015352576880504952
‡§∞‡§§,1856,0.0015319560586138274
‡§ú ,1855,0.0015311306512546606
‡§Æ‡•Å,1844,0.0015220511703038242
‡•ç‡§µ,1831,0.001511320874634654
‡§¶‡§æ,1827,0.0015080192451979862
‡§®‡§ø,1819,0.001501415986324651
‡§æ‡§ú,1801,0.0014865586538596461
‡§Ç‡§¶,1801,0.0014865586538596461
‡§∂ ,1784,0.0014725267287538082
  ,1778,0.0014675742845988067
‡§æ‡§π,1774,0.001464272655162139
‡•á‡§ï,1737,0.0014337325828729624
‡§≠‡§æ,1705,0.0014073195473796206
‡§®‡§π,1664,0.0013734778456537763
‡§∏‡§∞,1661,0.0013710016235762754
‡§Ö‡§™,1658,0.0013685254014987748
‡•Å‡§∞,1646,0.0013586205131887715
‡§µ ,1628,0.0013437631807237667
‡§™‡§®,1615,0.0013330328850545965
‡§≤‡•ã,1607,0.0013264296261812612
‡§∞‡§®,1590,0.0013123977010754233
‡§π‡•á,1561,0.0012884608876595823
‡§®‡§ï,1560,0.0012876354803004152
‡§™‡•Å,1556,0.0012843338508637474
‡§ü‡•Ä,1553,0.0012818576287862468
‡§§‡§ø,1550,0.001279381406708746
‡§ü‡•ç,1540,0.0012711273331170766
‡§ö‡§æ,1523,0.0012570954080112387
‡§æ‡§∏,1522,0.0012562700006520718
‡§æ‡§µ,1511,0.0012471905197012356
‡§ú‡§ø,1505,0.0012422380755462339
‡§∏‡§ø,1504,0.001241412668187067
‡•ã‡§ó,1491,0.0012306823725178968
‡§∂‡§æ,1471,0.0012141742253345582
 ‡§ü,1464,0.0012083963738203896
‡§∞‡§ï,1459,0.001204269337024555
‡•ç‡§≤,1452,0.0011984914855103865
‡§ø‡§Ç,1449,0.0011960152634328857
‡§Ç‡§§,1426,0.0011770308941720462
‡§â‡§∏,1424,0.0011753800794537124
‡§• ,1419,0.0011712530426578778
‡•ã‡§®,1416,0.001168776820580377
‡§æ‡§ï,1414,0.0011671260058620432
‡§∏‡§Æ,1414,0.0011671260058620432
‡§∏‡§Ç,1394,0.0011506178586787044
‡•ç‡§∏,1388,0.0011456654145237028
‡§Ç‡§ï,1383,0.0011415383777278682
‡§æ‡§•,1374,0.0011341097114953658
‡§æ‡§à,1362,0.0011242048231853625
‡•Ç‡§∞,1345,0.0011101728980795248
‡§¶‡•ç,1334,0.0011010934171286884
‡•ç‡§∑,1308,0.0010796328257903483
‡§π‡§ø,1295,0.0010689025301211781
‡§§‡•ã,1285,0.0010606484565295088
‡§´‡§ø,1284,0.0010598230491703417
‡§¨‡•Ä,1279,0.001055696012374507
‡§™‡§π,1265,0.00104414030934617
‡§™ ,1256,0.0010367116431136676
‡§ó‡§Ø,1256,0.0010367116431136676
‡•ç‡§π,1252,0.0010334100136769999
‡•á‡§∏,1241,0.0010243305327261637
‡§° ,1236,0.001020203495930329
‡§§‡§∞,1235,0.0010193780885711622
‡§æ‡§¨,1231,0.0010160764591344944
‡§≤‡§ó,1227,0.0010127748296978266
‡§Ç‡§°,1178,0.0009723298690986469
‡•ã‡§∞,1172,0.0009673774249436453
‡§Æ‡§Ç,1172,0.0009673774249436453
‡§ñ‡§æ,1161,0.000958297943992809
‡§ó‡•ç,1154,0.0009525200924786405
‡§ö ,1152,0.0009508692777603066
‡§®‡•ã,1142,0.0009426152041686373
‡§∏‡•Å,1136,0.0009376627600136357
 ‡§ò,1123,0.0009269324643444657
‡§¶‡•ã,1122,0.0009261070569852987
‡§π‡§Æ,1107,0.0009137259465977947
‡§Ø‡•á,1106,0.0009129005392386277
‡§Ø‡§π,1105,0.0009120751318794608
‡§´ ,1100,0.0009079480950836262
‡§ú‡•á,1096,0.0009046464656469584
‡§ß‡§æ,1090,0.0008996940214919568
‡§Ç‡§∏,1085,0.0008955669846961222
 ‡§°,1081,0.0008922653552594544
‡•Ä‡§®,1069,0.0008823604669494512
‡§™‡•Ç,1061,0.0008757572080761158
‡•á‡§®,1056,0.0008716301712802811
‡§π‡§∞,1050,0.0008666777271252795
‡§•‡•Ä,1048,0.0008650269124069456
‡§Æ‡§≤,1037,0.0008559474314561094
‡§Æ‡•Ä,1033,0.0008526458020194416
‡•ç‡§ï,1027,0.0008476933578644401
‡•á‡§ü,1019,0.0008410900989911046
‡§ï‡•Å,1016,0.0008386138769136038
‡§µ‡§∞,1015,0.0008377884695544369
‡§ú‡•Ä,1009,0.0008328360253994353
‡•Å‡§®,1004,0.0008287089886036006
‡§µ‡•Ä,995,0.0008212803223710982
‡§π‡§§,994,0.0008204549150119312
‡§µ‡§π,989,0.0008163278782160966
‡§ø‡§µ,985,0.0008130262487794289
‡§°‡§ø,968,0.000798994323673591
‡§∂‡•ç,966,0.0007973435089552571
‡•Ä‡§ú,964,0.0007956926942369232
‡§Æ‡•ã,960,0.0007923910648002556
‡•ç‡§•,960,0.0007923910648002556
‡§¨‡§ø,959,0.0007915656574410886
‡§æ‡§è,955,0.0007882640280044208
‡§ø‡§∂,951,0.0007849623985677532
‡§ó‡•á,946,0.0007808353617719185
‡§æ‡§á,940,0.0007758829176169169
‡•Å‡§ï,938,0.000774232102898583
‡§ó‡•Ä,930,0.0007676288440252476
‡§ú‡§∞,926,0.0007643272145885798
‡•Ç ,926,0.0007643272145885798
‡§π‡§≤,915,0.0007552477336377436
‡•á‡§§,914,0.0007544223262785767
‡§¶‡§∞,910,0.0007511206968419089
‡§Ü‡§∞,905,0.0007469936600460743
‡§¨‡§®,902,0.0007445174379685734
‡§ó‡•ã,889,0.0007337871422994033
‡§™‡§§,866,0.0007148027730385639
‡§ú‡§®,862,0.0007115011436018961
‡§ü‡•á,861,0.0007106757362427292
‡§£ ,861,0.0007106757362427292
‡§æ‡§´,858,0.0007081995141652284
‡§∞‡•Å,856,0.0007065486994468945
‡•á‡§∞,855,0.0007057232920877276
‡§∂‡§®,849,0.000700770847932726
‡§Ç‡§ü,848,0.0006999454405735591
‡§µ‡•á,848,0.0006999454405735591
‡§Ç‡§ö,843,0.0006958184037777244
‡§ü‡§∞,842,0.0006949929964185574
‡§¨‡•á,841,0.0006941675890593905
‡§¨‡§∞,841,0.0006941675890593905
‡§¨‡§§,836,0.0006900405522635559
‡§ö‡•Å,835,0.0006892151449043889
‡§§‡§ï,828,0.0006834372933902204
‡§Æ‡§π,823,0.0006793102565943857
‡•ç‡§ö,818,0.0006751832197985511
‡§ï‡§§,816,0.0006735324050802172
‡•á‡§≤,809,0.0006677545535660487
‡§∞‡•Ç,795,0.0006561988505377116
‡§Ø‡•Ç,794,0.0006553734431785446
‡§™‡§ø,780,0.0006438177401502076
‡•å‡§∞,776,0.0006405161107135399
‡•Ä‡§§,772,0.0006372144812768722
‡•ã‡§™,767,0.0006330874444810375
‡§ú‡•ã,761,0.0006281350003260359
‡•Ä‡§∞,757,0.0006248333708893681
‡§º ,757,0.0006248333708893681
‡§Ø‡§∞,754,0.0006223571488118674
‡§Ç‡§®,737,0.0006083252237060296
‡§ó‡§à,736,0.0006074998163468626
‡§Æ‡•ç,734,0.0006058490016285287
‡•Ä‡§Æ,734,0.0006058490016285287
‡§Æ‡§®,733,0.0006050235942693618
‡§∞‡§µ,731,0.0006033727795510279
 ‡§õ,729,0.000601721964832694
‡§´‡•ç,726,0.0005992457427551933
‡•Å‡§è,723,0.0005967695206776925
‡§∏‡§≤,721,0.0005951187059593586
‡§ú‡•ç,720,0.0005942932986001916
‡§∂‡§ø,718,0.0005926424838818578
‡§á‡§Ç,715,0.000590166261804357
‡§∞‡§¶,703,0.0005802613734943538
‡•ã‡§≤,700,0.000577785151416853
‡§ñ‡§ø,692,0.0005711818925435175
‡§Ø‡§ï,687,0.0005670548557476829
‡•ç‡§™,683,0.0005637532263110151
‡§º‡§æ,679,0.0005604515968743474
‡§Ç‡§¨,679,0.0005604515968743474
‡§∑‡•ç,679,0.0005604515968743474
‡•Ä‡§Ø,678,0.0005596261895151805
‡§•‡•á,672,0.0005546737453601788
‡§ó‡§∞,670,0.000553022930641845
‡§ú‡§¨,669,0.0005521975232826781
‡•á‡§™,664,0.0005480704864868434
‡•ç‡§¶,659,0.0005439434496910088
‡•ç‡§ú,656,0.0005414672276135079
‡§π‡§®,652,0.0005381655981768403
‡•Ä‡§°,650,0.0005365147834585064
‡§ü‡§æ,647,0.0005340385613810055
‡•á‡§ú,645,0.0005323877466626717
‡§á‡§®,640,0.000528260709866837
‡•à‡§∏,638,0.0005266098951485032
‡§¨‡•ç,638,0.0005266098951485032
‡§Ü‡§§,634,0.0005233082657118355
‡§∏‡§≠,631,0.0005208320436343347
‡§™‡§ï,631,0.0005208320436343347
‡§ü‡§ø,629,0.0005191812289160008
‡§Ü‡§™,626,0.0005167050068384999
‡•ã‡§ü,623,0.0005142287847609992
‡§Ö‡§¨,620,0.0005117525626834984
‡§Æ‡•à,618,0.0005101017479651645
‡§ø‡§Æ,609,0.0005026730817326621
‡•Ä‡§è,607,0.0005010222670143282
 ‡§ß,607,0.0005010222670143282
‡§ö‡•ç,602,0.0004968952302184936
‡§ó‡§è,594,0.0004902919713451581
 ‡§ê,589,0.00048616493454932343
‡•ã‡§°,589,0.00048616493454932343
‡§õ ,582,0.0004803870830351549
‡•Å‡§Ç,581,0.000479561675675988
‡•Ä‡§ü,578,0.0004770854535984872
‡§Ö‡§≤,574,0.00047378382416181944
‡§ö‡§≤,570,0.00047048219472515173
‡•Å‡§ñ,570,0.00047048219472515173
‡§ß‡§ø,569,0.0004696567873659848
‡•Å‡§™,569,0.0004696567873659848
‡§æ‡§ó,567,0.0004680059726476509
‡§∏‡•ã,566,0.000467180565288484
‡§Ç‡§ú,564,0.00046552975057015015
‡§ñ‡•ç,557,0.0004597518990559816
‡§¢‡§º,553,0.00045645026961931386
‡§™‡•ã,552,0.0004556248622601469
‡•ç‡§°,552,0.0004556248622601469
‡§Æ‡•å,550,0.0004539740475418131
‡§¨‡§Ç,549,0.00045314864018264616
‡§ø‡§ü,546,0.00045067241810514534
‡§¶‡•Ç,542,0.00044737078866847763
‡§Æ‡§∞,541,0.0004465453813093107
‡§ñ ,539,0.0004448945665909768
‡§∞‡§£,537,0.00044324375187264293
‡§µ‡•ã,537,0.00044324375187264293
‡§Ü‡§à,535,0.00044159293715430905
‡•ã‡§§,534,0.00044076752979514217
‡•Å‡§§,533,0.00043994212243597523
‡§ó‡•Å,533,0.00043994212243597523
‡•Ä‡§ï,532,0.0004391167150768083
‡§Ü ,529,0.00043664049299930747
‡§≤‡§§,525,0.00043333886356263976
‡§ø‡§™,524,0.0004325134562034728
‡§∂‡•Å,524,0.0004325134562034728
‡§ï‡§Æ,523,0.0004316880488443059
‡§Ö‡§®,521,0.000430037234125972
‡§§‡§Ç,521,0.000430037234125972
‡§è‡§Ç,518,0.00042756101204847124
‡§Ö‡§ß,516,0.00042591019733013736
‡§Ç‡§ß,515,0.0004250847899709704
‡•ã‡§¶,514,0.0004242593826118035
‡•ç‡§®,511,0.0004217831605343027
‡•Å‡§õ,503,0.00041517990166096725
‡§∏‡§¨,500,0.00041270367958346643
‡§∏‡§¶,500,0.00041270367958346643
‡§ó‡§ø,498,0.00041105286486513255
‡§¨‡§π,497,0.0004102274575059656
‡§™‡•á,497,0.0004102274575059656
‡§ø‡§¶,491,0.000405275013350964
‡§Ç‡§™,488,0.00040279879127346326
‡§¨‡§≤,487,0.0004019733839142963
‡•Å‡§Ü,486,0.0004011479765551294
‡§ê‡§∏,486,0.0004011479765551294
‡§ö‡•Ä,483,0.00039867175447762856
‡§∑ ,482,0.0003978463471184616
‡§ü‡§®,480,0.0003961955324001278
‡§è‡§∏,479,0.00039537012504096085
‡§ß ,476,0.00039289390296346003
‡§¨‡§ö,474,0.00039124308824512615
‡§ö‡§ø,474,0.00039124308824512615
‡§´‡§æ,470,0.00038794145880845845
‡§¶‡•å,469,0.0003871160514492915
‡•ã‡§ï,468,0.00038629064409012457
‡§æ‡§™,466,0.0003846398293717907
‡•á‡§ñ,463,0.0003821636072942899
‡•Ä‡§µ,458,0.0003780365704984553
‡§ó‡§≤,457,0.00037721116313928834
‡§¶‡•Å,456,0.0003763857557801214
‡§ö‡•á,455,0.00037556034842095446
‡§æ‡§ì,453,0.0003739095337026206
‡§´‡•Ä,453,0.0003739095337026206
‡•á‡§°,452,0.00037308412634345364
‡§∞‡§Æ,452,0.00037308412634345364
‡§ì‡§Ç,449,0.00037060790426595287
‡§º‡•Ä,448,0.00036978249690678593
‡•Å‡§¶,448,0.00036978249690678593
‡§ï‡§à,447,0.000368957089547619
‡§°‡•á,447,0.000368957089547619
‡•Ç‡§∏,447,0.000368957089547619
‡§ø‡§ß,445,0.0003673062748292851
‡•ã‡§à,445,0.0003673062748292851
‡§Ö‡§Ç,444,0.00036648086747011817
‡§°‡•Ä,438,0.0003615284233151166
‡§Ö‡§Æ,438,0.0003615284233151166
‡§ï‡§≤,436,0.0003598776085967827
‡•á‡§ó,435,0.00035905220123761577
‡§ú‡§π,435,0.00035905220123761577
‡§∞‡§´,434,0.0003582267938784489
‡§∏‡§®,434,0.0003582267938784489
‡§ø‡§ú,433,0.00035740138651928194
‡§¨‡•Å,432,0.000356575979160115
‡§è‡§Æ,431,0.00035575057180094806
‡§ï‡•à,430,0.0003549251644417811
‡§õ‡§æ,428,0.00035327434972344724
‡§ø‡§ñ,428,0.00035327434972344724
‡§Ö‡§≠,427,0.00035244894236428036
‡•Ä‡§≤,424,0.00034997272028677954
‡§∂‡•ã,421,0.0003474964982092787
‡§Ö‡§ó,420,0.0003466710908501118
‡§Ø‡•Å,419,0.0003458456834909449
‡§∞‡§ñ,419,0.0003458456834909449
‡§ú‡•Å,418,0.00034502027613177795
‡•ã‡§∏,417,0.000344194868772611
‡§ñ‡•Å,416,0.00034336946141344407
‡§ß‡•ç,409,0.00033759160989927555
‡•Å‡§à,409,0.00033759160989927555
‡§Ø‡§Æ,405,0.0003342899804626078
‡§¨‡§∏,405,0.0003342899804626078
‡§Æ‡§¶,404,0.0003334645731034409
‡•Ä‡§¨,403,0.00033263916574427396
‡§≤‡§®,402,0.000331813758385107
‡•ç‚Äç,401,0.0003309883510259401
‡§§‡§®,400,0.00033016294366677314
‡§æ‡§ß,398,0.00032851212894843926
‡§∏‡§∏,398,0.00032851212894843926
‡•Ä‡§∏,398,0.00032851212894843926
‡§®‡§µ,397,0.0003276867215892723
‡•à‡§®,396,0.00032686131423010544
‡•ã‡§π,395,0.0003260359068709385
‡§º‡•á,394,0.00032521049951177156
‡•Å‡§Æ,393,0.0003243850921526046
‡•Ä‡§ö,392,0.0003235596847934377
‡§∏‡•Ç,390,0.0003219088700751038
‡§Æ‡§§,385,0.00031778183327926915
‡§¨‡•ã,381,0.00031448020384260145
‡•ã‡§ú,381,0.00031448020384260145
‡§®‡§Æ,381,0.00031448020384260145
‡§°‡§æ,380,0.0003136547964834345
‡§æ‡§∑,380,0.0003136547964834345
‡§∞‡§∏,380,0.0003136547964834345
‡§Ö‡§∏,379,0.00031282938912426757
‡§¨‡•à,379,0.00031282938912426757
‡§æ‡§∂,378,0.0003120039817651006
‡§∑‡§æ,374,0.00030870235232843287
‡§∏‡§™,374,0.00030870235232843287
‡•ç‡§∂,373,0.000307876944969266
‡•Å‡§µ,373,0.000307876944969266
‡§Ç‡§π,373,0.000307876944969266
‡§ò‡§∞,373,0.000307876944969266
‡•â‡§≤,369,0.0003045753155325982
‡•Å‡§∏,369,0.0003045753155325982
‡§á‡§≤,369,0.0003045753155325982
‡§´‡•à,368,0.0003037499081734313
‡•ã‡§∂,367,0.00030292450081426434
‡§ú‡•Ç,367,0.00030292450081426434
‡§â‡§§,365,0.0003012736860959305
 ‡§ë,362,0.0002987974640184297
 ‡§ì,359,0.0002963212419409289
‡§®‡§∏,359,0.0002963212419409289
‡§¶‡§≤,359,0.0002963212419409289
‡§¨‡§°,357,0.00029467042722259505
‡•Å‡§°,352,0.00029054339042676035
‡§™‡§°,351,0.0002897179830675934
‡•Ä‡§™,350,0.0002888925757084265
‡•å‡§§,348,0.00028724176099009265
‡§µ‡§ï,348,0.00028724176099009265
‡•Ç‡§™,343,0.00028311472419425795
‡•ã‡§ß,342,0.00028228931683509106
‡§º‡§ï,341,0.0002814639094759241
‡•Ä‡§¶,340,0.0002806385021167572
‡§ß‡•Ä,340,0.0002806385021167572
‡§µ‡•ç,337,0.00027816228003925636
‡§ò‡§ü,337,0.00027816228003925636
‡•á‡§π,337,0.00027816228003925636
‡§ï‡•â,336,0.0002773368726800894
‡§•‡§ø,333,0.00027486065060258866
‡§µ‡§ú,333,0.00027486065060258866
‡§®‡•Å,331,0.0002732098358842548
‡§®‡§§,330,0.00027238442852508784
‡§®‡§∞,329,0.0002715590211659209
‡•Ç‡§®,327,0.00026990820644758707
‡§∂‡•á,326,0.00026908279908842013
‡§®‡§ú,326,0.00026908279908842013
‡§≤‡§°,325,0.0002682573917292532
‡•á‡§µ,321,0.00026495576229258543
‡•ç‡§ß,319,0.0002633049475742516
‡§è‡§ó,319,0.0002633049475742516
‡•á‡§Æ,318,0.00026247954021508467
‡§ï‡§™,317,0.0002616541328559177
‡§ø‡§π,317,0.0002616541328559177
‡§¶‡§Æ,315,0.00026000331813758385
‡§ñ‡•á,311,0.00025670168870091614
‡§Ü‡§Ø,310,0.0002558762813417492
‡§´‡§∞,309,0.00025505087398258226
‡§∞‡§™,307,0.0002534000592642484
‡•Ç‡§Ç,306,0.00025257465190508144
‡§¨‡§¶,304,0.0002509238371867476
‡•Ç‡§≤,301,0.0002484476151092468
‡§ï‡§Ç,300,0.00024762220775007986
‡§Ç‡§µ,294,0.00024266976359507827
‡§Æ‡§Ø,293,0.00024184435623591133
‡§¶‡§µ,293,0.00024184435623591133
‡§ß‡§®,291,0.00024019354151757745
‡§æ‡§ñ,291,0.00024019354151757745
‡§∞‡§Ç,288,0.00023771731944007666
‡§∂‡•Ä,288,0.00023771731944007666
‡§ú‡§Æ,287,0.00023689191208090972
‡§≠‡§∞,286,0.0002360665047217428
‡§µ‡§∏,285,0.00023524109736257587
‡§ø‡§ó,283,0.000233590282644242
‡•á‡§¶,281,0.00023193946792590813
‡§≠‡§ø,279,0.00023028865320757428
‡§æ‡§â,279,0.00023028865320757428
‡§ü‡•ã,279,0.00023028865320757428
‡§∏‡§π,274,0.0002261616164117396
‡§ö‡§®,274,0.0002261616164117396
‡§´‡•ã,274,0.0002261616164117396
‡§ñ‡§§,271,0.00022368539433423882
‡§¨‡§¢,271,0.00022368539433423882
‡§¶‡§∏,271,0.00022368539433423882
‡§µ‡§®,270,0.00022285998697507188
‡§™‡§Ø,270,0.00022285998697507188
‡•á‡§Ø,269,0.00022203457961590494
‡§¨‡•â,269,0.00022203457961590494
‡§è‡§®,269,0.00022203457961590494
‡§´‡•á,268,0.000221209172256738
‡§Ü‡§ú,267,0.00022038376489757108
‡§†‡§æ,266,0.00021955835753840414
‡§°‡•ç,263,0.00021708213546090335
‡§ú‡•à,263,0.00021708213546090335
‡•ç‡§´,262,0.0002162567281017364
‡§Æ‡•Ç,262,0.0002162567281017364
‡§π‡•Ç,261,0.00021543132074256947
‡§ü‡§ï,260,0.00021460591338340253
‡§Æ‡§∏,259,0.00021378050602423562
‡•Å‡§∂,259,0.00021378050602423562
‡§Ü‡§è,258,0.00021295509866506868
‡§æ‡§°,257,0.00021212969130590174
‡§ñ‡§∞,257,0.00021212969130590174
‡§ú‡§≤,256,0.0002113042839467348
‡§Æ‡§ï,256,0.0002113042839467348
‡•à‡§≤,256,0.0002113042839467348
‡§∂‡§∞,255,0.00021047887658756789
‡•Ç‡§§,255,0.00021047887658756789
‡•Ç‡§ü,255,0.00021047887658756789
‡§ñ‡§®,254,0.00020965346922840095
‡§ú‡§µ,253,0.000208828061869234
‡§°‡§∞,251,0.00020717724715090015
‡•â‡§∞,250,0.00020635183979173321
‡§ï‡§°,250,0.00020635183979173321
‡§Ø‡§§,248,0.00020470102507339936
‡§¶‡§®,245,0.00020222480299589854
‡§µ‡•à,242,0.00019974858091839775
‡§∏‡§µ,242,0.00019974858091839775
‡§â‡§Æ,240,0.0001980977662000639
‡§∂‡§π,238,0.00019644695148173002
‡§™‡§∏,238,0.00019644695148173002
‡§æ‡§ü,237,0.00019562154412256308
‡§≤‡§µ,236,0.00019479613676339616
‡§Ö‡§ï,236,0.00019479613676339616
‡§ï‡§∏,234,0.00019314532204506228
‡§∞‡§ß,234,0.00019314532204506228
‡§ó‡§§,233,0.00019231991468589534
‡§§‡•à,232,0.00019149450732672843
‡§¨‡§ï,230,0.00018984369260839455
‡§æ‡§ö,230,0.00018984369260839455
‡§∏‡§§,230,0.00018984369260839455
‡§≤‡§Ø,229,0.00018901828524922764
‡§™‡•à,229,0.00018901828524922764
‡§Ö‡§∞,228,0.0001881928778900607
‡•Ç‡§¶,227,0.00018736747053089376
‡§≤‡§ï,226,0.00018654206317172682
‡§≤‡•Ç,225,0.0001857166558125599
‡§Ü‡§¶,224,0.00018489124845339297
‡§ú‡§Ø,224,0.00018489124845339297
‡§ú‡§ó,223,0.00018406584109422603
‡•å‡§ï,221,0.00018241502637589217
‡§ï‡•Ç,221,0.00018241502637589217
‡•ã‡§Æ,220,0.00018158961901672523
‡§â‡§™,220,0.00018158961901672523
‡§Ø‡§≤,218,0.00017993880429839135
‡•à‡§Ø,218,0.00017993880429839135
‡•â‡§ï,218,0.00017993880429839135
‡•Ç‡§Æ,217,0.00017911339693922444
‡§õ‡•ã,216,0.0001782879895800575
‡§∞‡•à,216,0.0001782879895800575
‡•à‡§ï,216,0.0001782879895800575
 ‡§†,216,0.0001782879895800575
‡§®‡§≤,215,0.00017746258222089056
‡•É‡§§,214,0.00017663717486172362
‡§Ø‡§®,214,0.00017663717486172362
‡§º‡§ø,213,0.0001758117675025567
‡•ã‡§∑,212,0.00017498636014338977
‡§ö‡•ã,212,0.00017498636014338977
‡§Ü‡§®,210,0.0001733355454250559
‡§õ‡•á,209,0.00017251013806588898
‡§®‡§Ç,209,0.00017251013806588898
‡§≠‡•á,209,0.00017251013806588898
‡§§‡•Å,208,0.00017168473070672204
‡§ï‡§®,207,0.0001708593233475551
‡§æ‡§£,207,0.0001708593233475551
 ‡§ù,206,0.00017003391598838816
‡§ö‡§∞,206,0.00017003391598838816
‡§∑‡§£,205,0.00016920850862922124
‡§≤‡§∞,205,0.00016920850862922124
‡•á‡§¨,204,0.0001683831012700543
‡§ø‡§õ,203,0.00016755769391088736
‡§§‡§≤,203,0.00016755769391088736
‡§â‡§†,202,0.00016673228655172045
‡§ó‡§†,200,0.00016508147183338657
‡•Å‡§ú,200,0.00016508147183338657
‡•Å ,197,0.00016260524975588578
‡§∑‡•á,195,0.0001609544350375519
‡§ß‡§∞,195,0.0001609544350375519
‡§®‡§®,195,0.0001609544350375519
‡§ø‡§∑,195,0.0001609544350375519
‡§∑‡§ø,195,0.0001609544350375519
‡§† ,193,0.00015930362031921805
‡§õ‡§≤,193,0.00015930362031921805
‡§¨‡•Ç,193,0.00015930362031921805
‡§ï‡§µ,192,0.0001584782129600511
‡•â‡§®,192,0.0001584782129600511
‡§∏‡•à,191,0.00015765280560088417
‡§ú‡§∏,190,0.00015682739824171725
‡§∂‡§ï,189,0.0001560019908825503
‡§ì‡§∞,187,0.00015435117616421643
‡•ç‡§õ,186,0.00015352576880504952
‡§Æ‡§ú,186,0.00015352576880504952
‡§∞‡§≤,186,0.00015352576880504952
‡§Ü‡§ó,185,0.00015270036144588258
‡•Å‡§ù,185,0.00015270036144588258
‡§≤‡§Ç,184,0.00015187495408671564
‡§¨‡§ú,184,0.00015187495408671564
‡§ø‡§≠,182,0.0001502241393683818
‡§≤‡§¨,181,0.00014939873200921485
‡•Ç‡§ú,181,0.00014939873200921485
‡§≤‡§Æ,180,0.0001485733246500479
‡§ñ‡§¨,180,0.0001485733246500479
‡§≤‡•à,178,0.00014692250993171406
‡§ü‡§≤,177,0.00014609710257254712
‡•Å‡§¨,176,0.00014527169521338018
‡•Ä‡§Ü,175,0.00014444628785421326
‡§£‡§æ,174,0.00014362088049504632
‡•à‡§†,173,0.00014279547313587938
‡•Ç‡§¨,172,0.00014197006577671244
‡§µ‡§Ç,172,0.00014197006577671244
‡§º‡§®,172,0.00014197006577671244
‡§Ø‡§¶,171,0.00014114465841754553
‡§ï‡§ü,171,0.00014114465841754553
‡•ç‡§¨,170,0.0001403192510583786
‡§ú‡§§,170,0.0001403192510583786
‡§ù‡•á,169,0.00013949384369921165
‡§µ‡§§,169,0.00013949384369921165
‡§Ö‡§ö,168,0.0001386684363400447
‡§á‡§ü,167,0.0001378430289808778
‡§ó‡§π,167,0.0001378430289808778
‡§™‡§ü,167,0.0001378430289808778
‡§™‡§Ç,167,0.0001378430289808778
‡§≤‡•â,166,0.00013701762162171086
‡§§‡§∏,166,0.00013701762162171086
‡§∞‡§ú,166,0.00013701762162171086
‡§®‡•Ç,165,0.00013619221426254392
‡•å‡§ú,164,0.00013536680690337698
‡•ã‡§¨,164,0.00013536680690337698
‡§ò‡§æ,163,0.00013454139954421007
‡•Å‡§ü,163,0.00013454139954421007
‡§¶‡§¶,161,0.00013289058482587619
‡§á‡§ï,161,0.00013289058482587619
‡•Ç‡§õ,160,0.00013206517746670925
‡§Ø‡§Ç,159,0.00013123977010754233
‡§Ü‡§Æ,159,0.00013123977010754233
‡•ã‡§ö,158,0.0001304143627483754
‡•Ä‡§´,157,0.00012958895538920845
‡§™‡§≤,157,0.00012958895538920845
‡§Ö‡§π,156,0.00012876354803004151
‡§á‡§§,155,0.0001279381406708746
‡§π‡§ú,155,0.0001279381406708746
‡§Ç‡§≠,155,0.0001279381406708746
‡§º‡§§,154,0.00012711273331170766
‡§ë‡§´,154,0.00012711273331170766
‡•ç‡§£,153,0.00012628732595254072
‡§®‡•å,152,0.0001254619185933738
‡§Ü‡§Ç,152,0.0001254619185933738
‡•Å‡§∑,151,0.00012463651123420687
‡§∂‡§≤,150,0.00012381110387503993
‡§¨‡§Ø,150,0.00012381110387503993
‡§µ‡§≤,149,0.000122985696515873
‡§∞‡§∂,149,0.000122985696515873
‡§∏‡§ö,149,0.000122985696515873
‡§á‡§Æ,148,0.00012216028915670608
‡§µ‡•Å,148,0.00012216028915670608
‡§•‡§®,148,0.00012216028915670608
‡§§‡•å,148,0.00012216028915670608
‡•Ä‡§∂,147,0.00012133488179753914
‡•ç‡§ó,147,0.00012133488179753914
¬† ,147,0.00012133488179753914
‡§ó‡•à,146,0.0001205094744383722
‡§ù‡§æ,146,0.0001205094744383722
‡§™‡§¶,146,0.0001205094744383722
‡§ñ‡•Ä,146,0.0001205094744383722
‡§†‡§®,145,0.00011968406707920527
‡•à‡§Æ,144,0.00011885865972003833
‡§¨‡§à,144,0.00011885865972003833
‡§®‡§¶,143,0.0001180332523608714
‡§≠‡•Ç,142,0.00011720784500170446
‡§§‡§¨,142,0.00011720784500170446
‡§§‡§π,141,0.00011638243764253754
‡§ó‡§Ç,140,0.0001155570302833706
‡§∏‡§´,140,0.0001155570302833706
‡§°‡•â,140,0.0001155570302833706
‡•Å‡§ß,139,0.00011473162292420367
‡§§‡§Æ,138,0.00011390621556503673
‡§â‡§Ç,137,0.0001130808082058698
‡§∑‡•Ä,137,0.0001130808082058698
‡§º‡•ã,135,0.00011142999348753594
‡§ò‡•ã,134,0.000110604586128369
‡•à‡§∞,134,0.000110604586128369
‡§ñ‡•ã,134,0.000110604586128369
‡§ö‡•å,133,0.00010977917876920207
‡§∞‡•â,132,0.00010895377141003513
‡§≠‡§ó,132,0.00010895377141003513
‡§®‡§ó,131,0.0001081283640508682
‡§Ü‡§∏,131,0.0001081283640508682
‡§ï‡§¶,131,0.0001081283640508682
‡§ó‡§®,131,0.0001081283640508682
‡§π‡§¶,130,0.00010730295669170127
‡§π‡§∏,130,0.00010730295669170127
‡§ú‡§™,129,0.00010647754933253434
‡§ó‡§µ,129,0.00010647754933253434
‡§ü‡•Ç,127,0.00010482673461420047
‡§ø‡§°,126,0.00010400132725503355
‡§¶‡§ó,126,0.00010400132725503355
‡§®‡§Ø,126,0.00010400132725503355
‡§ï‡§≠,125,0.00010317591989586661
‡§Ü‡§ß,125,0.00010317591989586661
‡§†‡•Ä,125,0.00010317591989586661
‡§ó‡•å,125,0.00010317591989586661
‡§ï‡•É,125,0.00010317591989586661
‡§Ö‡§¶,125,0.00010317591989586661
‡§Ü‡§ñ,124,0.00010235051253669968
‡§∞‡§≠,124,0.00010235051253669968
‚Äç‡§ø,124,0.00010235051253669968
‡•Ç‡§ö,123,0.00010152510517753274
‡§Ü‡§µ,123,0.00010152510517753274
‡§°‡•ã,122,0.00010069969781836581
‡•à‡§¶,122,0.00010069969781836581
 ‡§à,121,9.987429045919887e-05
‡§Ø‡§µ,120,9.904888310003195e-05
‡§≤‡§π,118,9.739806838169808e-05
‡§ø‡§´,118,9.739806838169808e-05
‡§Ü‡§≤,118,9.739806838169808e-05
‡§Æ‡§ù,117,9.657266102253114e-05
‡§Ö‡§ñ,117,9.657266102253114e-05
‡§Ü‡§∂,117,9.657266102253114e-05
‡§∏‡•å,116,9.574725366336422e-05
‡§Ç‡§ñ,116,9.574725366336422e-05
‡§¶‡§ï,115,9.492184630419728e-05
‡§®‡§è,115,9.492184630419728e-05
‡§Ö‡§´,113,9.327103158586341e-05
‡§õ‡§§,113,9.327103158586341e-05
‡§Ö‡§µ,113,9.327103158586341e-05
‡§£‡•Ä,112,9.244562422669648e-05
‡§ß‡§µ,111,9.162021686752954e-05
‡§Ç‡§∂,110,9.079480950836262e-05
‡§ñ‡•Ç,110,9.079480950836262e-05
‡§∞‡§¨,110,9.079480950836262e-05
‡§ö‡§Ç,110,9.079480950836262e-05
‡§ó‡•Ç,108,8.914399479002875e-05
‡§è‡§≤,108,8.914399479002875e-05
‡•à‡§∂,108,8.914399479002875e-05
‡§Æ‡§ö,107,8.831858743086181e-05
‡§ü‡§Æ,107,8.831858743086181e-05
‡§Ø‡§∏,106,8.749318007169488e-05
‡§Æ‡§ß,105,8.666777271252794e-05
‡•Ä‡§õ,105,8.666777271252794e-05
‡§π‡§µ,105,8.666777271252794e-05
‡§ï‡§∂,105,8.666777271252794e-05
‡§≠‡§µ,105,8.666777271252794e-05
‡§¶‡§¨,104,8.584236535336102e-05
‡§ø‡§¨,104,8.584236535336102e-05
‡§™‡•â,103,8.501695799419408e-05
‡§ß‡§Æ,102,8.419155063502715e-05
‡§ò‡§Ç,102,8.419155063502715e-05
‡§∂‡§Ç,101,8.336614327586023e-05
‡§´‡§≤,101,8.336614327586023e-05
‡§è‡§Ø,100,8.254073591669329e-05
‡§ï‡•å,96,7.923910648002555e-05
‡•á‡§ö,96,7.923910648002555e-05
‡§Æ‡§µ,96,7.923910648002555e-05
‡§ñ‡§Ç,95,7.841369912085863e-05
‡§á‡§µ,95,7.841369912085863e-05
‡§Æ‡§ó,94,7.758829176169169e-05
‡§®‡§à,94,7.758829176169169e-05
‡•ç‡§û,94,7.758829176169169e-05
 ‡§¢,93,7.676288440252476e-05
‡§†‡§ï,93,7.676288440252476e-05
‡•ç‡§†,93,7.676288440252476e-05
‡•ã‡§µ,93,7.676288440252476e-05
‡§ß‡•á,92,7.593747704335782e-05
‡§∏‡§è,91,7.51120696841909e-05
‡§ß‡•Ç,91,7.51120696841909e-05
‡§∂‡§ñ,91,7.51120696841909e-05
‡§∞‡§Ö,91,7.51120696841909e-05
‡•â‡§Æ,90,7.428666232502395e-05
‡§è‡§´,90,7.428666232502395e-05
‡§ï‡§¨,90,7.428666232502395e-05
‡§Ø‡§™,90,7.428666232502395e-05
‡§≤‡•Å,89,7.346125496585703e-05
‡§π‡§Ç,89,7.346125496585703e-05
‡§æ‡§≠,89,7.346125496585703e-05
‚Äç‡§Ø,88,7.263584760669009e-05
‡§°‡§≤,88,7.263584760669009e-05
‡§™‡§Æ,88,7.263584760669009e-05
‡§á‡§ú,87,7.181044024752316e-05
‡§ß‡•Å,87,7.181044024752316e-05
‡§ø‡§£,87,7.181044024752316e-05
‡•Ç‡§°,87,7.181044024752316e-05
‡§è‡§°,86,7.098503288835622e-05
‡§π‡§ü,86,7.098503288835622e-05
‡•à‡§ö,86,7.098503288835622e-05
‡§ø‡§ö,85,7.01596255291893e-05
‡•à‡§™,85,7.01596255291893e-05
‡§∏‡§ú,85,7.01596255291893e-05
‡•â‡§Ø,85,7.01596255291893e-05
‡§π‡§´,85,7.01596255291893e-05
‡§è‡§ú,85,7.01596255291893e-05
‡§ò‡•Å,84,6.933421817002236e-05
‡§à‡§è,84,6.933421817002236e-05
‡•å‡§®,84,6.933421817002236e-05
‡•Å‡§£,83,6.850881081085543e-05
‡§ü‡•â,83,6.850881081085543e-05
‡§ü‡•à,82,6.768340345168849e-05
‡•ç‡§≠,82,6.768340345168849e-05
‡§à‡§Ç,81,6.685799609252156e-05
‡§µ‡•â,80,6.603258873335462e-05
‡§ñ‡§°,80,6.603258873335462e-05
‡§∞‡§ö,80,6.603258873335462e-05
‡§∂‡§µ,79,6.52071813741877e-05
‡•ú‡§æ,79,6.52071813741877e-05
‡§§‡§ö,78,6.438177401502076e-05
‡§®‡§™,78,6.438177401502076e-05
‡§®‡§∂,78,6.438177401502076e-05
‡§ø‚Äç,77,6.355636665585383e-05
‡§ö‡§ï,77,6.355636665585383e-05
‡§û‡§æ,77,6.355636665585383e-05
‡§Ö‡§∂,77,6.355636665585383e-05
‡§†‡§¨,76,6.27309592966869e-05
‡§π‡§ï,76,6.27309592966869e-05
‡•å‡§≤,76,6.27309592966869e-05
‡•á‡§∑,76,6.27309592966869e-05
‡§¶‡§§,76,6.27309592966869e-05
‡•â‡§∏,76,6.27309592966869e-05
‡§´‡•â,75,6.190555193751996e-05
‡§ú‡§Ç,75,6.190555193751996e-05
‡§´‡§Ç,75,6.190555193751996e-05
‡§™‡§¢,75,6.190555193751996e-05
‡•â‡§™,74,6.108014457835304e-05
‡•å‡§ü,74,6.108014457835304e-05
‡•å‡§Ç,74,6.108014457835304e-05
‡•Ä‡§ñ,74,6.108014457835304e-05
‡§ó‡§¢,74,6.108014457835304e-05
‡§Ö‡§ú,74,6.108014457835304e-05
‡§≤‡•å,74,6.108014457835304e-05
‡§∞‡§∞,74,6.108014457835304e-05
‡§∏‡§°,74,6.108014457835304e-05
‡§¶‡§Ç,74,6.108014457835304e-05
‡§≠‡•ã,73,6.02547372191861e-05
‡§§‡§Ø,73,6.02547372191861e-05
‡§Æ‡•É,73,6.02547372191861e-05
‡•Å‡§≠,73,6.02547372191861e-05
‡•ú ,73,6.02547372191861e-05
‡§∞‡§Ø,72,5.9429329860019165e-05
‡§ó‡§°,72,5.9429329860019165e-05
‡§≤‡§∏,71,5.860392250085223e-05
¬†¬†,71,5.860392250085223e-05
‡§Ø‡•Ä,71,5.860392250085223e-05
‡§∏‡§ü,71,5.860392250085223e-05
‡§ü‡•Å,70,5.77785151416853e-05
‡§≤‡§ñ,70,5.77785151416853e-05
‡§ó‡§ú,70,5.77785151416853e-05
‡•à‡§ü,70,5.77785151416853e-05
‡§≠ ,69,5.6953107782518365e-05
‡§∂‡§§,69,5.6953107782518365e-05
‡§ì‡§µ,69,5.6953107782518365e-05
‡§Ç‡§ò,69,5.6953107782518365e-05
‡•ã‡•ú,68,5.612770042335143e-05
‡•ú‡•Ä,67,5.53022930641845e-05
‡§Æ‡§™,66,5.4476885705017566e-05
‡§§‡§ú,65,5.365147834585063e-05
‡§∑‡§ï,65,5.365147834585063e-05
‡§ó‡§£,65,5.365147834585063e-05
‡•É‡§π,64,5.28260709866837e-05
‡§ß‡•ã,64,5.28260709866837e-05
‡§ë‡§™,64,5.28260709866837e-05
‡§æ‡§õ,64,5.28260709866837e-05
‡§ú‡§ï,63,5.2000663627516773e-05
‡§ó‡§≠,63,5.2000663627516773e-05
‡•ú‡•á,63,5.2000663627516773e-05
‡§â‡§∞,63,5.2000663627516773e-05
‡§â‡§¶,63,5.2000663627516773e-05
‡§§‡§§,63,5.2000663627516773e-05
‡§π‡§ö,62,5.117525626834984e-05
‡§Æ‡§∂,62,5.117525626834984e-05
‡§Æ‡§£,62,5.117525626834984e-05
‡§•‡•ã,62,5.117525626834984e-05
‡§ï‡§•,62,5.117525626834984e-05
‡§Ü‡§ï,62,5.117525626834984e-05
‡§õ‡•Ä,62,5.117525626834984e-05
‡§ó‡•É,61,5.034984890918291e-05
‡§¨‡•ú,61,5.034984890918291e-05
‡§ú‡§ß,60,4.9524441550015974e-05
‡§§‡•É,60,4.9524441550015974e-05
‡§•‡•ç,60,4.9524441550015974e-05
‡•ã‡§´,60,4.9524441550015974e-05
‡§≠‡§Ø,60,4.9524441550015974e-05
‡§ì ,59,4.869903419084904e-05
‡§ó‡§∏,59,4.869903419084904e-05
‡§á‡§°,59,4.869903419084904e-05
‡§π‡§Ø,58,4.787362683168211e-05
‡•à‡§¨,58,4.787362683168211e-05
‡§µ‡§µ,58,4.787362683168211e-05
‡§•‡§∞,58,4.787362683168211e-05
‡§≠‡•ç,58,4.787362683168211e-05
‡§æ‡•ú,58,4.787362683168211e-05
‡•Ç‡§π,57,4.7048219472515175e-05
‡§â‡§ö,57,4.7048219472515175e-05
‡§ù ,57,4.7048219472515175e-05
‡§ö‡•à,57,4.7048219472515175e-05
‡§ú‡§¶,57,4.7048219472515175e-05
‚Äç‡§§,56,4.622281211334824e-05
‡§Ö‡§§,56,4.622281211334824e-05
‡§ë‡§∏,56,4.622281211334824e-05
‡•â‡§ü,56,4.622281211334824e-05
‡§°‡§®,56,4.622281211334824e-05
‡§≠‡§ï,56,4.622281211334824e-05
‡§õ‡§ø,56,4.622281211334824e-05
‡§õ‡§π,55,4.539740475418131e-05
‡§®‡§ü,55,4.539740475418131e-05
‡§ö‡§§,55,4.539740475418131e-05
‡•Ä‡§ó,55,4.539740475418131e-05
‡§°‡§ï,54,4.4571997395014375e-05
‡§π‡§¨,54,4.4571997395014375e-05
‡§™‡§∂,54,4.4571997395014375e-05
‡§ú‡•â,54,4.4571997395014375e-05
‡§á‡§´,54,4.4571997395014375e-05
‡•Å‡§ó,53,4.374659003584744e-05
‡§π‡•â,53,4.374659003584744e-05
‡§à‡§™,53,4.374659003584744e-05
‡§´‡•Ç,53,4.374659003584744e-05
‡•ã‡§ñ,53,4.374659003584744e-05
‡§§‡§•,53,4.374659003584744e-05
‡§è‡§µ,52,4.292118267668051e-05
 ‡§ä,52,4.292118267668051e-05
‡•ç‡§ò,52,4.292118267668051e-05
‡§•‡§≤,52,4.292118267668051e-05
‡§†‡•á,52,4.292118267668051e-05
‡§Æ‡§Æ,52,4.292118267668051e-05
‡§≤‡§ü,52,4.292118267668051e-05
‡§ñ‡§ï,51,4.2095775317513576e-05
‡§ó‡§¶,51,4.2095775317513576e-05
‡•Å‡§π,51,4.2095775317513576e-05
‡§è‡§ö,51,4.2095775317513576e-05
‡§≠‡•Å,51,4.2095775317513576e-05
‡•à‡§ó,51,4.2095775317513576e-05
‡•à‡§´,51,4.2095775317513576e-05
‡§ö‡§™,51,4.2095775317513576e-05
‡§§‡§¶,51,4.2095775317513576e-05
‡§â‡§≤,50,4.127036795834664e-05
‡§™‡§•,50,4.127036795834664e-05
‡§§‡•Ç,50,4.127036795834664e-05
‚Äç‡§Æ,50,4.127036795834664e-05
‡§â‡§°,50,4.127036795834664e-05
‡§∑‡§Ø,50,4.127036795834664e-05
‡§£‡•á,50,4.127036795834664e-05
‡§§‡§≠,50,4.127036795834664e-05
‡§¶‡§Ø,50,4.127036795834664e-05
‡§£‡§ø,50,4.127036795834664e-05
‡§≤‡§´,49,4.044496059917971e-05
‡§∂‡•Ç,49,4.044496059917971e-05
‡§É ,49,4.044496059917971e-05
‡§™‡§£,49,4.044496059917971e-05
‡§à‡§ï,49,4.044496059917971e-05
‡§Æ‡§à,48,3.9619553240012777e-05
‡•á‡§è,48,3.9619553240012777e-05
‡§µ‡§™,48,3.9619553240012777e-05
‡§≤‡§™,48,3.9619553240012777e-05
‡§®‡•à,48,3.9619553240012777e-05
‡§®‡§Ü,48,3.9619553240012777e-05
‡§£‡•ã,48,3.9619553240012777e-05
‡•à‡§ß,47,3.8794145880845843e-05
‡•É‡§∑,47,3.8794145880845843e-05
‡§õ‡•Å,47,3.8794145880845843e-05
‡§∞‡§ó,47,3.8794145880845843e-05
‡§ü‡§¨,47,3.8794145880845843e-05
‡§Æ‡•â,47,3.8794145880845843e-05
‡§Ø‡§ø,47,3.8794145880845843e-05
‡§≤‡§¶,46,3.796873852167891e-05
‡§µ‡§ü,46,3.796873852167891e-05
‡§ó‡§Æ,46,3.796873852167891e-05
‡§á‡§¨,46,3.796873852167891e-05
‚Äç‡§π,45,3.714333116251198e-05
‡§™‡§ö,45,3.714333116251198e-05
‡§æ‡§ò,44,3.6317923803345044e-05
‡§¶‡§∂,44,3.6317923803345044e-05
‡§æ‡§¢,44,3.6317923803345044e-05
‡§≠‡§ü,44,3.6317923803345044e-05
‡§§‡§µ,44,3.6317923803345044e-05
‡§â‡§ü,44,3.6317923803345044e-05
‡§π‡§•,43,3.549251644417811e-05
‡§Ü‡§á,43,3.549251644417811e-05
‡§∑‡•ã,43,3.549251644417811e-05
‡•Ä‡§ß,43,3.549251644417811e-05
‡§è‡§ü,43,3.549251644417811e-05
‡•Ç‡§∑,43,3.549251644417811e-05
‡§Ü‡§â,43,3.549251644417811e-05
‡•å ,43,3.549251644417811e-05
‡§•‡§Æ,43,3.549251644417811e-05
‡§ö‡§Æ,43,3.549251644417811e-05
‡§ò‡•á,43,3.549251644417811e-05
‡§≠‡§≤,43,3.549251644417811e-05
‡§ä ,43,3.549251644417811e-05
‡§ê‡§≤,43,3.549251644417811e-05
‡§¨‡§Æ,43,3.549251644417811e-05
‡§®‡§ä,43,3.549251644417811e-05
‡•Ç‡§†,42,3.466710908501118e-05
‡§ú‡§ü,42,3.466710908501118e-05
‡•â‡§°,42,3.466710908501118e-05
‡§á‡§∞,42,3.466710908501118e-05
‡•Å‡§´,42,3.466710908501118e-05
‡§ß‡§ï,42,3.466710908501118e-05
‡§Ö‡§ü,42,3.466710908501118e-05
‡§ö‡•Ç,42,3.466710908501118e-05
‡§™‡•ú,42,3.466710908501118e-05
‡•ú‡§ï,42,3.466710908501118e-05
‡§ü‡§µ,42,3.466710908501118e-05
‡•å‡§π,41,3.3841701725844245e-05
‡§≤‡§ú,41,3.3841701725844245e-05
‡§ù‡§ü,41,3.3841701725844245e-05
‡§∂‡§™,41,3.3841701725844245e-05
‡•ã‡§è,40,3.301629436667731e-05
‡§®‡•â,40,3.301629436667731e-05
‡§ß‡§°,40,3.301629436667731e-05
‡•Ä‡§†,40,3.301629436667731e-05
‡§à‡§∏,40,3.301629436667731e-05
‡§∞‡§ü,40,3.301629436667731e-05
‡§à‡§Ü,40,3.301629436667731e-05
‡§ú‡§º,40,3.301629436667731e-05
‚Äç‡§ü,39,3.219088700751038e-05
‡§µ‡§ß,38,3.136547964834345e-05
‡§∂‡§Æ,38,3.136547964834345e-05
‡§ñ‡§≤,38,3.136547964834345e-05
‡§Ç‡§Ø,38,3.136547964834345e-05
‡§•‡§ï,38,3.136547964834345e-05
‡§®‡§°,38,3.136547964834345e-05
üáÆüá≥,38,3.136547964834345e-05
‡§£‡§µ,38,3.136547964834345e-05
‡•â‡§ú,37,3.054007228917652e-05
‡•ç‡§ñ,37,3.054007228917652e-05
‡§µ‡§∂,37,3.054007228917652e-05
‡§ê‡§™,37,3.054007228917652e-05
‡•á‡§´,37,3.054007228917652e-05
‡§∏‡§ó,37,3.054007228917652e-05
‡§´‡§®,37,3.054007228917652e-05
‡§ø‡§•,37,3.054007228917652e-05
‚Äç‡§ï,36,2.9714664930009582e-05
‡§ì‡§≤,36,2.9714664930009582e-05
‡§Ø‡§¨,36,2.9714664930009582e-05
‡§°‡•Ç,36,2.9714664930009582e-05
‡§π‡§£,35,2.888925757084265e-05
‡§®‡§¨,35,2.888925757084265e-05
‡•å‡§∏,35,2.888925757084265e-05
‡§ü‡§´,35,2.888925757084265e-05
‡§è‡§∂,35,2.888925757084265e-05
‡§†‡§ø,35,2.888925757084265e-05
‡§™‡§¨,35,2.888925757084265e-05
‡§π‡•å,35,2.888925757084265e-05
‡§Ø‡•å,35,2.888925757084265e-05
‡§∏‡§Ü,34,2.8063850211675716e-05
‡§á‡§∂,34,2.8063850211675716e-05
‡§á‡§Ø,34,2.8063850211675716e-05
‡§£‡§®,34,2.8063850211675716e-05
‡§à‡§∞,34,2.8063850211675716e-05
‡§à‡§ü,33,2.7238442852508783e-05
‡§´‡§∏,33,2.7238442852508783e-05
‡§º‡§õ,33,2.7238442852508783e-05
‡§°‡§Æ,33,2.7238442852508783e-05
‡§®‡§ö,33,2.7238442852508783e-05
‡§™‡§™,33,2.7238442852508783e-05
‡§ê‡§∂,33,2.7238442852508783e-05
‡§°‡§∏,33,2.7238442852508783e-05
‡§ù‡•Ç,33,2.7238442852508783e-05
‡§†‡§π,32,2.641303549334185e-05
‡•Å‡§ì,32,2.641303549334185e-05
‡§µ‡§Ø,32,2.641303549334185e-05
‡§Ø‡§Ø,32,2.641303549334185e-05
‡§Æ‡§è,32,2.641303549334185e-05
‡§´‡•Å,32,2.641303549334185e-05
‡§ä‡§™,32,2.641303549334185e-05
‡•Ä‡§∑,32,2.641303549334185e-05
‡§•‡§µ,32,2.641303549334185e-05
‡§ú‡§ú,32,2.641303549334185e-05
‡§π‡§°,32,2.641303549334185e-05
‡§†‡§≠,32,2.641303549334185e-05
‡•Ç‡§ï,32,2.641303549334185e-05
‡§ö‡§¢,31,2.558762813417492e-05
‡§µ‡§Æ,31,2.558762813417492e-05
‡•å‡§¶,31,2.558762813417492e-05
‡§Ö‡§°,31,2.558762813417492e-05
‡§ò ,31,2.558762813417492e-05
‡§è‡§™,31,2.558762813417492e-05
‡§∂‡§¨,31,2.558762813417492e-05
‡§∑‡§Æ,31,2.558762813417492e-05
‡§°‡§µ,31,2.558762813417492e-05
‡§Ç‡§•,30,2.4762220775007987e-05
‚Äç‡§≤,30,2.4762220775007987e-05
‡•Å‡§†,30,2.4762220775007987e-05
‡•â‡§á,30,2.4762220775007987e-05
‚Äç‡§µ,30,2.4762220775007987e-05
‡§´‡§ü,30,2.4762220775007987e-05
‡§´‡§º,30,2.4762220775007987e-05
‡•Ç‡§µ,30,2.4762220775007987e-05
‡•Å‡§Ö,30,2.4762220775007987e-05
‡•â‡§´,29,2.3936813415841054e-05
‡•â‡§¨,29,2.3936813415841054e-05
‡§†‡•ã,29,2.3936813415841054e-05
‡§≤‡§ö,29,2.3936813415841054e-05
üá≥üáÆ,29,2.3936813415841054e-05
‡•à‡§µ,29,2.3936813415841054e-05
‡§ò‡•ç,29,2.3936813415841054e-05
‡§Ø‡§°,29,2.3936813415841054e-05
‡•å‡§ß,29,2.3936813415841054e-05
‡§ï‡§†,29,2.3936813415841054e-05
‡•ã‡§Ø,29,2.3936813415841054e-05
‡§ú‡§´,29,2.3936813415841054e-05
‡§ñ‡§™,29,2.3936813415841054e-05
‡§ï‡•ú,29,2.3936813415841054e-05
‡§™‡§è,29,2.3936813415841054e-05
‡§∏‡•â,29,2.3936813415841054e-05
‡§µ‡§°,29,2.3936813415841054e-05
‡§â‡§•,28,2.311140605667412e-05
‡•Ä‡§£,28,2.311140605667412e-05
‡§õ‡•Ç,28,2.311140605667412e-05
‡§è‡§è,28,2.311140605667412e-05
‡§£‡§¨,28,2.311140605667412e-05
‡•Ç‡§¢,28,2.311140605667412e-05
‡§ü‡•å,28,2.311140605667412e-05
‡§Ö‡§Ø,28,2.311140605667412e-05
‡§ù‡§®,27,2.2285998697507188e-05
‡•å‡§•,27,2.2285998697507188e-05
‡§ï‡§ï,27,2.2285998697507188e-05
‡§ö‡§∏,27,2.2285998697507188e-05
‡§¨‡§ü,27,2.2285998697507188e-05
‡§Ü‡§†,27,2.2285998697507188e-05
‡§°‡•Å,27,2.2285998697507188e-05
‡§™‡§∑,27,2.2285998697507188e-05
‡§á‡§ö,26,2.1460591338340255e-05
‡§æ‡§ù,26,2.1460591338340255e-05
‡§µ‡§ö,26,2.1460591338340255e-05
‡§ö‡§Ø,26,2.1460591338340255e-05
‡§¨‡•ù,26,2.1460591338340255e-05
‡§ú‡•å,26,2.1460591338340255e-05
‡§£‡§Ø,26,2.1460591338340255e-05
‡•å‡§°,26,2.1460591338340255e-05
‡•ù ,25,2.063518397917332e-05
‡§ë‡§®,25,2.063518397917332e-05
‡•Ä‡§ì,25,2.063518397917332e-05
‡•ù‡§æ,25,2.063518397917332e-05
‡§∏‡§ñ,25,2.063518397917332e-05
‡•Ç‡§ß,25,2.063518397917332e-05
‡§∞‡§†,25,2.063518397917332e-05
‡§ò‡•Ç,25,2.063518397917332e-05
‡•É‡§¶,25,2.063518397917332e-05
‡§à‡§ú,24,1.9809776620006388e-05
‡§¢‡§æ,24,1.9809776620006388e-05
‡§´‡§µ,24,1.9809776620006388e-05
‡•Å‡§ö,24,1.9809776620006388e-05
‡§≤‡§∂,24,1.9809776620006388e-05
‡§¨‡§ó,24,1.9809776620006388e-05
‡•á‡§†,24,1.9809776620006388e-05
‡§¨‡§ß,24,1.9809776620006388e-05
‡§≠‡§°,24,1.9809776620006388e-05
‡§¢‡•á,24,1.9809776620006388e-05
‡§†‡§§,24,1.9809776620006388e-05
‡§ü‡§™,24,1.9809776620006388e-05
‡§´‡•å,24,1.9809776620006388e-05
‡§∞‡§è,24,1.9809776620006388e-05
‡§£‡§∏,23,1.8984369260839455e-05
‡•Å‡§ò,23,1.8984369260839455e-05
‡§ò‡§®,23,1.8984369260839455e-05
‡§¶‡§π,23,1.8984369260839455e-05
‡§ó‡§™,23,1.8984369260839455e-05
‡§Ø‡•ç,23,1.8984369260839455e-05
‡§ú‡§∂,23,1.8984369260839455e-05
‡§ï‡§ö,23,1.8984369260839455e-05
‡§ë‡§°,23,1.8984369260839455e-05
‡§≤‡•ú,23,1.8984369260839455e-05
‡§á‡§ó,22,1.8158961901672522e-05
‡§∞‡§∑,22,1.8158961901672522e-05
‡§è‡§¨,22,1.8158961901672522e-05
‡•Ç‡§è,22,1.8158961901672522e-05
‡§ü‡§∏,22,1.8158961901672522e-05
‡§æ‡§†,22,1.8158961901672522e-05
‡•Ç‡§ñ,21,1.733355454250559e-05
‡§ß‡§§,21,1.733355454250559e-05
‡§™‡§ó,21,1.733355454250559e-05
‡§∞‡§•,21,1.733355454250559e-05
‡•Ç‡§ó,21,1.733355454250559e-05
 ‡§ã,21,1.733355454250559e-05
‡§≤‡§ù,21,1.733355454250559e-05
‡§ù‡§Ç,21,1.733355454250559e-05
‡§ß‡§™,21,1.733355454250559e-05
‡§ù‡•å,21,1.733355454250559e-05
‡§™‡•ù,21,1.733355454250559e-05
‡§°‡§¨,21,1.733355454250559e-05
‡§Æ‡§¨,21,1.733355454250559e-05
‡§à‡§¶,21,1.733355454250559e-05
‡§¶‡§´,20,1.6508147183338656e-05
‡§∞‚Äç,20,1.6508147183338656e-05
‡§£‡•ç,20,1.6508147183338656e-05
‡§Ø‡§ú,20,1.6508147183338656e-05
‡§à‡§°,20,1.6508147183338656e-05
‡§ì‡§∏,20,1.6508147183338656e-05
‡•Ä‡•ú,20,1.6508147183338656e-05
‡§∞‡•å,20,1.6508147183338656e-05
‚Äç‡§∏,20,1.6508147183338656e-05
‡§∂‡§≠,20,1.6508147183338656e-05
‡•à‡§§,20,1.6508147183338656e-05
‡§£‡§§,20,1.6508147183338656e-05
‡§†‡•Å,20,1.6508147183338656e-05
‡§¢‡§Ç,19,1.5682739824171726e-05
‡§π‡•ç,19,1.5682739824171726e-05
‡§≠‡§Ç,19,1.5682739824171726e-05
‡§ü‡§§,19,1.5682739824171726e-05
‡§ï‡§Ö,19,1.5682739824171726e-05
‡§∞‡§à,19,1.5682739824171726e-05
‡§ì‡§∂,19,1.5682739824171726e-05
‡§â‡§ß,19,1.5682739824171726e-05
‡•â‡§ó,19,1.5682739824171726e-05
‡§∑‡§¶,19,1.5682739824171726e-05
‡•Ä‡§à,19,1.5682739824171726e-05
‡§â‡§ó,19,1.5682739824171726e-05
‡§Ø‡§ü,19,1.5682739824171726e-05
‡§ë‡§∞,19,1.5682739824171726e-05
‡§â‡§ú,19,1.5682739824171726e-05
‡§™‡§µ,19,1.5682739824171726e-05
‡§∂‡•â,18,1.4857332465004791e-05
‡§Ç‡§ù,18,1.4857332465004791e-05
‡•à‡§ú,18,1.4857332465004791e-05
‡§´‡§ó,18,1.4857332465004791e-05
‡§ì‡§™,18,1.4857332465004791e-05
‡§ï‡§ú,18,1.4857332465004791e-05
‡•Ç‡§ù,18,1.4857332465004791e-05
‡•ú‡§ø,18,1.4857332465004791e-05
‡§ã‡§∑,18,1.4857332465004791e-05
‡§≤‡§≤,18,1.4857332465004791e-05
‡§à‡§∂,18,1.4857332465004791e-05
‡§∂‡§¶,18,1.4857332465004791e-05
‡§ò‡§ø,17,1.4031925105837858e-05
‡§ì‡§Æ,17,1.4031925105837858e-05
‡§´‡§°,17,1.4031925105837858e-05
‡§ï‡§Ø,17,1.4031925105837858e-05
‡§à‡§Æ,17,1.4031925105837858e-05
‡§á‡§è,17,1.4031925105837858e-05
‡§†‡§ó,17,1.4031925105837858e-05
‡§ù‡•Ä,17,1.4031925105837858e-05
‡§ë‡§ü,17,1.4031925105837858e-05
‡§´‡§Ü,17,1.4031925105837858e-05
‡•á‡•ú,17,1.4031925105837858e-05
‡§â‡§ï,17,1.4031925105837858e-05
‡§£‡•Å,17,1.4031925105837858e-05
‡§ù‡•ã,16,1.3206517746670925e-05
‡§ú‡§°,16,1.3206517746670925e-05
‡§∏‡§à,16,1.3206517746670925e-05
‡§à‡§Ø,16,1.3206517746670925e-05
‡§ö‡§µ,16,1.3206517746670925e-05
‡§•‡§™,16,1.3206517746670925e-05
‡§õ‡§µ,16,1.3206517746670925e-05
‡§§‡§°,16,1.3206517746670925e-05
‡•ú‡•ã,16,1.3206517746670925e-05
‡§è‡§∞,16,1.3206517746670925e-05
‡•ã‡§ù,16,1.3206517746670925e-05
‡§®‡§´,16,1.3206517746670925e-05
‡§Ø‡§∂,16,1.3206517746670925e-05
‡§ö‡§°,16,1.3206517746670925e-05
‡§Ø‡•â,16,1.3206517746670925e-05
‡§ù‡§ï,15,1.2381110387503994e-05
‡•â ,15,1.2381110387503994e-05
‡§¨‡§™,15,1.2381110387503994e-05
‡§º‡§¨,15,1.2381110387503994e-05
‡•à‡§°,15,1.2381110387503994e-05
‡§æ‡§ä,15,1.2381110387503994e-05
‡§¢‡•Ç,15,1.2381110387503994e-05
‡§Ç‡§¢,15,1.2381110387503994e-05
‡•á‡§¢,15,1.2381110387503994e-05
‡§µ‡§¶,15,1.2381110387503994e-05
‡§Ü‡§π,15,1.2381110387503994e-05
‡•Ä‡§π,15,1.2381110387503994e-05
‡§°‡§ó,15,1.2381110387503994e-05
‡§Ç‡§∞,15,1.2381110387503994e-05
‡§º‡§™,15,1.2381110387503994e-05
‡§ì‡§¨,14,1.155570302833706e-05
‡§ú‡§ñ,14,1.155570302833706e-05
‡•Ç‡§´,14,1.155570302833706e-05
‡§ê‡§§,14,1.155570302833706e-05
‡§†‡§Ç,14,1.155570302833706e-05
‡•Ç‡§Ø,14,1.155570302833706e-05
‡•å‡§∂,14,1.155570302833706e-05
‡§•‡§ó,14,1.155570302833706e-05
‡§ä‡§Ç,14,1.155570302833706e-05
‡§®‡§∑,14,1.155570302833706e-05
‡§º‡§∞,14,1.155570302833706e-05
‡•§ ,14,1.155570302833706e-05
‡§´‡§π,14,1.155570302833706e-05
‡§≤‡§è,14,1.155570302833706e-05
‡§ú‡§≠,14,1.155570302833706e-05
‡§´‡§§,14,1.155570302833706e-05
‡•Ä‡§≠,14,1.155570302833706e-05
‡§ñ‡§º,14,1.155570302833706e-05
‡§ó‡•ù,14,1.155570302833706e-05
‡§∑‡§§,14,1.155570302833706e-05
‡§§‡§™,14,1.155570302833706e-05
‡§Ø‡§£,13,1.0730295669170127e-05
‡§¶‡•É,13,1.0730295669170127e-05
‡§Ç‡§´,13,1.0730295669170127e-05
‡§Ç‡§†,13,1.0730295669170127e-05
‡§ü‡§Ç,13,1.0730295669170127e-05
‡§ñ‡§ü,13,1.0730295669170127e-05
‡§ñ‡•ú,13,1.0730295669170127e-05
‡§§‡§ü,13,1.0730295669170127e-05
‡§µ‡•É,13,1.0730295669170127e-05
‡§≤‚Äç,13,1.0730295669170127e-05
‡§Æ‡§≠,13,1.0730295669170127e-05
‡•á¬†,13,1.0730295669170127e-05
‡•É‡§Ç,13,1.0730295669170127e-05
‡§ù‡§ø,13,1.0730295669170127e-05
‡§¨‡•É,13,1.0730295669170127e-05
‡•å‡§´,13,1.0730295669170127e-05
‡§µ‡§ó,13,1.0730295669170127e-05
‡§ñ‡•å,13,1.0730295669170127e-05
‡§ñ‡§¶,13,1.0730295669170127e-05
‡•Å‡•ú,13,1.0730295669170127e-05
‡•Å‡§Ø,13,1.0730295669170127e-05
‡•á‡§Ü,13,1.0730295669170127e-05
‡§Ç‡§õ,13,1.0730295669170127e-05
‡§Æ‡§ü,13,1.0730295669170127e-05
‡§à‡§®,13,1.0730295669170127e-05
‡§ì‡§°,12,9.904888310003194e-06
‡§ó‡§´,12,9.904888310003194e-06
‡§ë‡§ï,12,9.904888310003194e-06
‡§Ü‡§¨,12,9.904888310003194e-06
‡§∏‡§∂,12,9.904888310003194e-06
‡§∑‡§∞,12,9.904888310003194e-06
‡•ú‡§§,12,9.904888310003194e-06
‡§ï‡§º,12,9.904888310003194e-06
‡§ä‡§¶,12,9.904888310003194e-06
‡§ñ‡§µ,12,9.904888310003194e-06
‡§≠‡§¶,12,9.904888310003194e-06
‡•â‡§∂,12,9.904888310003194e-06
‡§ß‡•É,12,9.904888310003194e-06
‡§õ‡§™,12,9.904888310003194e-06
‡§ù‡§ó,12,9.904888310003194e-06
‡•É‡§™,12,9.904888310003194e-06
‡§ù‡§§,12,9.904888310003194e-06
‡§Ü‡§°,12,9.904888310003194e-06
‡•á‡§£,12,9.904888310003194e-06
‡§¶‡§≠,12,9.904888310003194e-06
‡§ó‡§ü,12,9.904888310003194e-06
‡•É‡§ú,12,9.904888310003194e-06
‡§º‡•ç,12,9.904888310003194e-06
‡§°‡§Ç,12,9.904888310003194e-06
‡§£‡§™,12,9.904888310003194e-06
‡•ã‡§¢,12,9.904888310003194e-06
‡§ö‡§ü,12,9.904888310003194e-06
‡§è‡§•,11,9.079480950836261e-06
‡§∏‡•ú,11,9.079480950836261e-06
‡§º‡§ó,11,9.079480950836261e-06
‡§à‡§µ,11,9.079480950836261e-06
‡§Æ‡§ò,11,9.079480950836261e-06
‡§∂‡•à,11,9.079480950836261e-06
‡§¨‡§¨,11,9.079480950836261e-06
‡§∞‡§ò,11,9.079480950836261e-06
‡§¨‡§ñ,11,9.079480950836261e-06
‡§ü‡§°,11,9.079480950836261e-06
‡•Ç‡§Ü,11,9.079480950836261e-06
‡§Ö‡§•,11,9.079480950836261e-06
‡§ë‡§≤,11,9.079480950836261e-06
‡§°‡§£,11,9.079480950836261e-06
‚Äç‡§•,11,9.079480950836261e-06
‡•ã‡§á,11,9.079480950836261e-06
‡§ä‡§∞,11,9.079480950836261e-06
‡§Ç¬†,11,9.079480950836261e-06
‡§à‡§¨,11,9.079480950836261e-06
‡§â‡§¨,11,9.079480950836261e-06
‡§ó‡§∂,11,9.079480950836261e-06
‡§®‡§ì,11,9.079480950836261e-06
‡§ü‚Äç,11,9.079480950836261e-06
‡§¶‡§™,11,9.079480950836261e-06
‡§§‡§ó,11,9.079480950836261e-06
‡§õ‡§†,10,8.254073591669328e-06
‡§π‡•É,10,8.254073591669328e-06
‡§≠‡§Æ,10,8.254073591669328e-06
‡§®‡§≠,10,8.254073591669328e-06
‡§ø‡§†,10,8.254073591669328e-06
‡§º‡§ñ,10,8.254073591669328e-06
‡§∞‡•É,10,8.254073591669328e-06
‡§Ø‡§´,10,8.254073591669328e-06
‡•ã‡§•,10,8.254073591669328e-06
‡§∑‡§ú,10,8.254073591669328e-06
‡§≤‡§Ü,10,8.254073591669328e-06
‡§â‡§≠,10,8.254073591669328e-06
‡§µ‡§≠,10,8.254073591669328e-06
‡§§‡§´,10,8.254073591669328e-06
‡§´‡§ú,10,8.254073591669328e-06
‡§Æ‡§°,10,8.254073591669328e-06
‡§™‡•å,10,8.254073591669328e-06
‡•å‡§¨,10,8.254073591669328e-06
‡§∂‚Äç,10,8.254073591669328e-06
‚Äç‡§®,10,8.254073591669328e-06
‡§ù‡•Å,10,8.254073591669328e-06
‚Äç ,10,8.254073591669328e-06
‡§ø‡§º,9,7.428666232502396e-06
‡•à‡§≠,9,7.428666232502396e-06
‡§∏‡§ê,9,7.428666232502396e-06
‡•á‡§ì,9,7.428666232502396e-06
‡§∞¬†,9,7.428666232502396e-06
‡§è‡§Ü,9,7.428666232502396e-06
‡•à‡§•,9,7.428666232502396e-06
‡•Ç‡§•,9,7.428666232502396e-06
‡•Ä¬†,9,7.428666232502396e-06
‡§∞‡§°,9,7.428666232502396e-06
‡•Ç‡§Å,9,7.428666232502396e-06
‡§ö‡§π,9,7.428666232502396e-06
‡§î‡§∏,9,7.428666232502396e-06
‡§¢‡§π,9,7.428666232502396e-06
‡§ü‡§Ö,9,7.428666232502396e-06
‡§õ‡§°,9,7.428666232502396e-06
‡•Ç‡•ù,8,6.6032588733354625e-06
‡•ú‡§®,8,6.6032588733354625e-06
‡§π‡§∂,8,6.6032588733354625e-06
‡§ì‡§ó,8,6.6032588733354625e-06
‡•ã‡§£,8,6.6032588733354625e-06
‡§¨‡•å,8,6.6032588733354625e-06
‡§≤‡§à,8,6.6032588733354625e-06
‚Äç‡§∂,8,6.6032588733354625e-06
‡§Ç‡§≤,8,6.6032588733354625e-06
‡§à‡§≤,8,6.6032588733354625e-06
‡§™‡§†,8,6.6032588733354625e-06
‡§á‡§™,8,6.6032588733354625e-06
‡§õ‡§∞,8,6.6032588733354625e-06
‡§¶‚Äç,8,6.6032588733354625e-06
‡§®‚Äç,8,6.6032588733354625e-06
‡§º‡§µ,8,6.6032588733354625e-06
‡§ß‡§Ç,8,6.6032588733354625e-06
‡§à‡§ì,8,6.6032588733354625e-06
‡§ï‡§ó,8,6.6032588733354625e-06
‡§°‚Äç,8,6.6032588733354625e-06
‡§π‡§™,8,6.6032588733354625e-06
‡•Ä‡§¢,8,6.6032588733354625e-06
‡§∂‡•å,8,6.6032588733354625e-06
‡§ù‡§∏,8,6.6032588733354625e-06
‡•Ç‡§∂,8,6.6032588733354625e-06
‡§è‡§à,8,6.6032588733354625e-06
‡§à‡§´,8,6.6032588733354625e-06
‡§°‡§Ø,8,6.6032588733354625e-06
‡§Ü‡§≠,8,6.6032588733354625e-06
‡§è‡§π,7,5.77785151416853e-06
‡§°‡§™,7,5.77785151416853e-06
‡§π‡§ó,7,5.77785151416853e-06
‚Äç‡§ö,7,5.77785151416853e-06
‡§â‡•ú,7,5.77785151416853e-06
‡§û‡•ã,7,5.77785151416853e-06
‡•à‡•§,7,5.77785151416853e-06
‡§≠‡•à,7,5.77785151416853e-06
‡§≠‡§∏,7,5.77785151416853e-06
‡§ø‡•ç,7,5.77785151416853e-06
‡§ò‡•Ä,7,5.77785151416853e-06
‡§≠‡•å,7,5.77785151416853e-06
‡§õ‡§®,7,5.77785151416853e-06
‡§≤‡§≠,7,5.77785151416853e-06
‡§Ø‡§•,7,5.77785151416853e-06
‡§´‡§¨,7,5.77785151416853e-06
‡§¢ ,7,5.77785151416853e-06
‡§õ‡§ï,7,5.77785151416853e-06
‡§ï‡§Ü,7,5.77785151416853e-06
‡§£‡§ú,7,5.77785151416853e-06
‡§ß‡§∂,7,5.77785151416853e-06
‡§á‡§ß,7,5.77785151416853e-06
‡§º‡•Å,7,5.77785151416853e-06
‡§ø‡•ú,7,5.77785151416853e-06
‡§∏‡•É,7,5.77785151416853e-06
‡§ò‡§Æ,7,5.77785151416853e-06
‡§â‡§õ,7,5.77785151416853e-06
‚Äç‡§¶,7,5.77785151416853e-06
‡•á‡§É,7,5.77785151416853e-06
‚Äç‡§∑,7,5.77785151416853e-06
‡§≠‡§§,7,5.77785151416853e-06
‡•Ä‡§É,7,5.77785151416853e-06
‡§Ü‡§ì,7,5.77785151416853e-06
‡§æ¬†,7,5.77785151416853e-06
 ‡•û,6,4.952444155001597e-06
‡§ù‡§°,6,4.952444155001597e-06
‚Äç‡§¨,6,4.952444155001597e-06
‡§∏‡§ì,6,4.952444155001597e-06
‡•ã‡§†,6,4.952444155001597e-06
‡§Ü‡§´,6,4.952444155001597e-06
‡§ó‡•â,6,4.952444155001597e-06
‡§°‡§ü,6,4.952444155001597e-06
‡§ñ‡§∏,6,4.952444155001597e-06
‡§ê‡§°,6,4.952444155001597e-06
 üáÆ,6,4.952444155001597e-06
‡•ù‡§®,6,4.952444155001597e-06
‡§ñ‡§ß,6,4.952444155001597e-06
‡§ï‡§´,6,4.952444155001597e-06
 ‡•ô,6,4.952444155001597e-06
‡§ú‡§ò,6,4.952444155001597e-06
‡§ê‡§Ç,6,4.952444155001597e-06
‡§Å ,6,4.952444155001597e-06
‡§ï‡§∑,6,4.952444155001597e-06
‡§ì‡§è,6,4.952444155001597e-06
‡•É‡§∂,6,4.952444155001597e-06
‡§∂‡§Ø,6,4.952444155001597e-06
‡•õ‡§æ,6,4.952444155001597e-06
‡§ö‡•â,6,4.952444155001597e-06
‡§ó‡§ß,6,4.952444155001597e-06
‡•ù‡•Ä,6,4.952444155001597e-06
‡§•‡•å,6,4.952444155001597e-06
‡§ó‡§ï,6,4.952444155001597e-06
‡§ü‡§ö,6,4.952444155001597e-06
‡§∏‡§ä,6,4.952444155001597e-06
 ‡•õ,6,4.952444155001597e-06
‡§•‡•â,6,4.952444155001597e-06
‡•ù‡§§,6,4.952444155001597e-06
‚Äç‡§°,5,4.127036795834664e-06
‡§ù‡§≤,5,4.127036795834664e-06
‡§®¬†,5,4.127036795834664e-06
‡§ñ‡§ú,5,4.127036795834664e-06
‡§¶‡§ñ,5,4.127036795834664e-06
‡§£‡§ï,5,4.127036795834664e-06
‡§ó‡•ú,5,4.127036795834664e-06
‡§ë‡§¨,5,4.127036795834664e-06
‡§ò‡§¨,5,4.127036795834664e-06
‡•ç‡§¢,5,4.127036795834664e-06
‡§á ,5,4.127036795834664e-06
‡§Ü‡§ö,5,4.127036795834664e-06
‡•ú‡§õ,5,4.127036795834664e-06
‡§ö‡§Ü,5,4.127036795834664e-06
‡§™‡§ñ,5,4.127036795834664e-06
‡§≤‡§•,5,4.127036795834664e-06
‡§¢‡§ï,5,4.127036795834664e-06
‡§ö‡§∂,5,4.127036795834664e-06
‡§™‡§õ,5,4.127036795834664e-06
‡§æ‡§É,5,4.127036795834664e-06
‡§æ‡§Ö,5,4.127036795834664e-06
‡§ü‡§Ü,5,4.127036795834664e-06
‡§§‚Äç,5,4.127036795834664e-06
‡§∏‡§Ø,5,4.127036795834664e-06
‡§º‡§´,5,4.127036795834664e-06
‡•á‡•á,5,4.127036795834664e-06
‡•ã‡§Ö,5,4.127036795834664e-06
‡§ñ‡§≠,5,4.127036795834664e-06
‡§æ‡•§,5,4.127036795834664e-06
‡§†‡§™,5,4.127036795834664e-06
‡§ö‚Äç,5,4.127036795834664e-06
‡§µ‡§´,5,4.127036795834664e-06
‡•Ä‡§ò,5,4.127036795834664e-06
‡§∞‡§õ,5,4.127036795834664e-06
‡§¢‡•ã,5,4.127036795834664e-06
‡§º‡§Æ,5,4.127036795834664e-06
‡§ñ‡•à,5,4.127036795834664e-06
‡§Ç‡§è,5,4.127036795834664e-06
‡•á‡§à,5,4.127036795834664e-06
‡§Ü‡§ü,5,4.127036795834664e-06
‡•á‡§•,5,4.127036795834664e-06
‡§ì‡§ï,5,4.127036795834664e-06
‡§Ç‡§Æ,5,4.127036795834664e-06
‚Äç‡§è,5,4.127036795834664e-06
‡§•‡§∂,5,4.127036795834664e-06
 ‚Äã,5,4.127036795834664e-06
‡•á‡§ß,5,4.127036795834664e-06
‡§¶‡•à,5,4.127036795834664e-06
‡§∑‡§µ,5,4.127036795834664e-06
‡§æ‡•û,5,4.127036795834664e-06
‡•û ,5,4.127036795834664e-06
‡§•‡§°,5,4.127036795834664e-06
‡•ã‡§≠,5,4.127036795834664e-06
‡§Æ‡§Ü,5,4.127036795834664e-06
‡§æ‡•õ,5,4.127036795834664e-06
‡§ï‚Äç,5,4.127036795834664e-06
‡§à‡§ó,5,4.127036795834664e-06
‡§ê‡§ï,5,4.127036795834664e-06
‡§†‡•å,5,4.127036795834664e-06
‡§™‡§≠,5,4.127036795834664e-06
‚Äç‡§™,5,4.127036795834664e-06
‡§¨‡§µ,5,4.127036795834664e-06
‡§ù‡§¶,4,3.3016294366677312e-06
‡§ø¬†,4,3.3016294366677312e-06
‡•á‡§Ö,4,3.3016294366677312e-06
‡§™‡•É,4,3.3016294366677312e-06
‡§º‡§ú,4,3.3016294366677312e-06
‡§§‡•ú,4,3.3016294366677312e-06
‡§¶‡§°,4,3.3016294366677312e-06
‡§Æ‡§´,4,3.3016294366677312e-06
‡•á‡§º,4,3.3016294366677312e-06
‡•ú‡§¨,4,3.3016294366677312e-06
‡•û‡§ø,4,3.3016294366677312e-06
‡§ã‡§¶,4,3.3016294366677312e-06
‡§¨‚Äç,4,3.3016294366677312e-06
‡•Ç‡•ú,4,3.3016294366677312e-06
‡§†‡§ú,4,3.3016294366677312e-06
‡§ö‡§è,4,3.3016294366677312e-06
‡•á‡§ò,4,3.3016294366677312e-06
‡§∂‡§ü,4,3.3016294366677312e-06
‡•Å‡§•,4,3.3016294366677312e-06
‡•õ‡§∞,4,3.3016294366677312e-06
‡§•‚Äç,4,3.3016294366677312e-06
‡§æ‡•á,4,3.3016294366677312e-06
‡§û ,4,3.3016294366677312e-06
‡§¢‡§®,4,3.3016294366677312e-06
‡§ö‡•ù,4,3.3016294366677312e-06
‡§ü‡§ò,4,3.3016294366677312e-06
‡§©‡•á,4,3.3016294366677312e-06
‡•å‡§ó,4,3.3016294366677312e-06
‡§∑‚Äç,4,3.3016294366677312e-06
üá≥ ,4,3.3016294366677312e-06
‡§Ø‡§ó,4,3.3016294366677312e-06
‡§µ‚Äç,4,3.3016294366677312e-06
‡§ß‡§¨,4,3.3016294366677312e-06
‡§ü‡§ñ,4,3.3016294366677312e-06
‡§∑‡§ó,4,3.3016294366677312e-06
‡§Æ‡§ì,4,3.3016294366677312e-06
‚Äç‡§ñ,4,3.3016294366677312e-06
‡§¨‡§õ,4,3.3016294366677312e-06
‡§æ‚Äç,4,3.3016294366677312e-06
‡•ù‡§ï,4,3.3016294366677312e-06
 ‡•§,4,3.3016294366677312e-06
‡§ø‡§ù,3,2.4762220775007985e-06
‡§§‡§à,3,2.4762220775007985e-06
‡•Å‡§¢,3,2.4762220775007985e-06
‡§Æ‡§É,3,2.4762220775007985e-06
‡§û‡§§,3,2.4762220775007985e-06
‡§®‡§ñ,3,2.4762220775007985e-06
‡§ï‡§É,3,2.4762220775007985e-06
‡§ß‚Äç,3,2.4762220775007985e-06
‡•å‡§õ,3,2.4762220775007985e-06
‡§´‡§™,3,2.4762220775007985e-06
‚Äì ,3,2.4762220775007985e-06
‡•Ç‡§£,3,2.4762220775007985e-06
‚Äç‡§∞,3,2.4762220775007985e-06
‡§Ü‡§•,3,2.4762220775007985e-06
‡•ô‡§§,3,2.4762220775007985e-06
‡•å‡§Æ,3,2.4762220775007985e-06
‡§†‡§ò,3,2.4762220775007985e-06
‡§∏‡§É,3,2.4762220775007985e-06
‡§ù‡§™,3,2.4762220775007985e-06
‡§ñ‚Äç,3,2.4762220775007985e-06
‡§î‡§™,3,2.4762220775007985e-06
‡§ó‡§ö,3,2.4762220775007985e-06
‡§Ü‡•Ö,3,2.4762220775007985e-06
‡•å‡§µ,3,2.4762220775007985e-06
‡•á‡•ù,3,2.4762220775007985e-06
‚Äì‡§è,3,2.4762220775007985e-06
‡•á‚Äì,3,2.4762220775007985e-06
 üôè,3,2.4762220775007985e-06
‡§û‡•á,3,2.4762220775007985e-06
‡§ò‡§µ,3,2.4762220775007985e-06
‡§â‡§∑,3,2.4762220775007985e-06
‡§ü‡§ú,3,2.4762220775007985e-06
‡§∏‚Äç,3,2.4762220775007985e-06
‡§®‡§É,3,2.4762220775007985e-06
‡§Æ‡§¢,3,2.4762220775007985e-06
‚É£ ,3,2.4762220775007985e-06
‡§∂‡§É,3,2.4762220775007985e-06
‡§≤‡§ß,3,2.4762220775007985e-06
‡•å‡§≠,3,2.4762220775007985e-06
‡§∏‡§â,3,2.4762220775007985e-06
‡•õ‡§ø,3,2.4762220775007985e-06
‡§£‡§¶,3,2.4762220775007985e-06
‡§†‡§µ,3,2.4762220775007985e-06
‡§£‡§ó,3,2.4762220775007985e-06
‡§ü‡§ó,3,2.4762220775007985e-06
‡§Æ‡§õ,3,2.4762220775007985e-06
‡§æ‡§Å,3,2.4762220775007985e-06
‡•â‡§â,3,2.4762220775007985e-06
‡•É‡§ï,3,2.4762220775007985e-06
‡§•‡§Ø,3,2.4762220775007985e-06
‡§∑‡§°,3,2.4762220775007985e-06
‡§∂‡§´,3,2.4762220775007985e-06
‡•É‡§£,3,2.4762220775007985e-06
‡§º‡§π,3,2.4762220775007985e-06
‡•Ä‡§â,3,2.4762220775007985e-06
‡§°‡§∂,3,2.4762220775007985e-06
‡•å‡•ú,3,2.4762220775007985e-06
‡§£‡§Æ,3,2.4762220775007985e-06
‡§ò‡§∏,3,2.4762220775007985e-06
‡§â‡§ñ,3,2.4762220775007985e-06
‡•ù‡•á,3,2.4762220775007985e-06
‡§æ‡•ù,3,2.4762220775007985e-06
‡§ø‡§Ö,3,2.4762220775007985e-06
‚Äç‡§õ,3,2.4762220775007985e-06
‡§ù‡§Æ,3,2.4762220775007985e-06
‡§ß‡•å,3,2.4762220775007985e-06
‡§∏‡§ò,3,2.4762220775007985e-06
‡•ú‡§ñ,3,2.4762220775007985e-06
‚Äç‡•Ä,3,2.4762220775007985e-06
‡§Ü‡•õ,3,2.4762220775007985e-06
‡§ï‡§ù,3,2.4762220775007985e-06
‡§ò‡§≤,3,2.4762220775007985e-06
‚Äç‡§ú,3,2.4762220775007985e-06
 ‡§∑,3,2.4762220775007985e-06
‡§ã‡§§,3,2.4762220775007985e-06
‡•ú‡§™,3,2.4762220775007985e-06
‡§ó‡§¨,3,2.4762220775007985e-06
‡§ö‡§ì,3,2.4762220775007985e-06
‡§†‡•ç,3,2.4762220775007985e-06
‡•û‡•ã,3,2.4762220775007985e-06
‡§´‡§è,3,2.4762220775007985e-06
‡§∂‡§∏,3,2.4762220775007985e-06
‡§î‡§¶,3,2.4762220775007985e-06
‡§≠‡•ú,3,2.4762220775007985e-06
‡•ç ,2,1.6508147183338656e-06
‡•à‡§æ,2,1.6508147183338656e-06
‡§à‡§ö,2,1.6508147183338656e-06
‡§ë‡§µ,2,1.6508147183338656e-06
‡•Å‡§á,2,1.6508147183338656e-06
‡§µ‡§ò,2,1.6508147183338656e-06
‚≠êÔ∏è,2,1.6508147183338656e-06
‡•õ‡§§,2,1.6508147183338656e-06
‡§¨¬†,2,1.6508147183338656e-06
‡§º‡§∏,2,1.6508147183338656e-06
‡§´‡§¶,2,1.6508147183338656e-06
‡§à‡§à,2,1.6508147183338656e-06
‡•ã‡§ë,2,1.6508147183338656e-06
‡§´‚Äç,2,1.6508147183338656e-06
‡§ï¬†,2,1.6508147183338656e-06
‡§Ç‚Äç,2,1.6508147183338656e-06
‡§è¬†,2,1.6508147183338656e-06
‡•å‡§™,2,1.6508147183338656e-06
‡§ß‡§≤,2,1.6508147183338656e-06
‡§°‡§´,2,1.6508147183338656e-06
‚Äç‡§´,2,1.6508147183338656e-06
‡§¢‡§§,2,1.6508147183338656e-06
‡§∂‡§ó,2,1.6508147183338656e-06
‡§¢‡•Ä,2,1.6508147183338656e-06
‡§¨‡§ò,2,1.6508147183338656e-06
‡§º¬†,2,1.6508147183338656e-06
‡§ï‡§£,2,1.6508147183338656e-06
‡§•‡•Å,2,1.6508147183338656e-06
‡§•‡•Ç,2,1.6508147183338656e-06
‚Äã‡§™,2,1.6508147183338656e-06
‡§Ç‡§á,2,1.6508147183338656e-06
‡§ä‡§ß,2,1.6508147183338656e-06
‡§π‡•ú,2,1.6508147183338656e-06
‡§Æ‡•ú,2,1.6508147183338656e-06
 ‚Äì,2,1.6508147183338656e-06
‡•Ö‡§´,2,1.6508147183338656e-06
‡§•‡§§,2,1.6508147183338656e-06
‡§Ç‡•á,2,1.6508147183338656e-06
‡•ã¬†,2,1.6508147183338656e-06
‡§ì‡§π,2,1.6508147183338656e-06
‡•Å‡§É,2,1.6508147183338656e-06
‡§®‡•É,2,1.6508147183338656e-06
‡§§‡§É,2,1.6508147183338656e-06
‡§± ,2,1.6508147183338656e-06
‡§ß‡•à,2,1.6508147183338656e-06
‡•ò‡§∞,2,1.6508147183338656e-06
‡•å‡§ñ,2,1.6508147183338656e-06
‡§¢‡§ø,2,1.6508147183338656e-06
‡§°‡§É,2,1.6508147183338656e-06
‡§∞‡§ì,2,1.6508147183338656e-06
‡§ñ‡§´,2,1.6508147183338656e-06
‡§∏¬†,2,1.6508147183338656e-06
‡§µ‡•Ç,2,1.6508147183338656e-06
‡§ü‡§á,2,1.6508147183338656e-06
‡§•‡•à,2,1.6508147183338656e-06
‡§§‡§ñ,2,1.6508147183338656e-06
‡•ù‡§µ,2,1.6508147183338656e-06
‡§§‡•ò,2,1.6508147183338656e-06
‡•ô ,2,1.6508147183338656e-06
‡§ø‡§æ,2,1.6508147183338656e-06
‡§∑‡§∏,2,1.6508147183338656e-06
‡•Ç‡•ç,2,1.6508147183338656e-06
‡§ß‡§Ø,2,1.6508147183338656e-06
‡§≤‡§ò,2,1.6508147183338656e-06
‡§Ç‡§Ç,2,1.6508147183338656e-06
‡§∞‡§É,2,1.6508147183338656e-06
‡§Ç‡•§,2,1.6508147183338656e-06
‡§º‡•Ç,2,1.6508147183338656e-06
‡§´‡§ì,2,1.6508147183338656e-06
‡§ö‡§ö,2,1.6508147183338656e-06
‡§Æ‡§†,2,1.6508147183338656e-06
‡§ü‡§Ø,2,1.6508147183338656e-06
‡•õ‡§¶,2,1.6508147183338656e-06
‡§Ø‡§ö,2,1.6508147183338656e-06
‡§∂‡§ß,2,1.6508147183338656e-06
‡§º‡§¶,2,1.6508147183338656e-06
‡•É‡§¢,2,1.6508147183338656e-06
‡§¢‡§©,2,1.6508147183338656e-06
‡•á‡§≠,2,1.6508147183338656e-06
‡§ì‡§®,2,1.6508147183338656e-06
‡§®‡•õ,2,1.6508147183338656e-06
‡•É‡§∏,2,1.6508147183338656e-06
‡•õ ,2,1.6508147183338656e-06
‡§∑‡§ö,2,1.6508147183338656e-06
‡§π‡§≠,2,1.6508147183338656e-06
‡•Å‡•ô,2,1.6508147183338656e-06
‡§ë‡§Ø,2,1.6508147183338656e-06
‡§´‡§£,2,1.6508147183338656e-06
‡§°‡•à,2,1.6508147183338656e-06
‡§õ‡§õ,2,1.6508147183338656e-06
üíÉüèª,2,1.6508147183338656e-06
üç∑üç∑,2,1.6508147183338656e-06
‡§µ‡§£,2,1.6508147183338656e-06
‡§Ø‚Äç,2,1.6508147183338656e-06
‡§ò‡§°,2,1.6508147183338656e-06
‡§î‡§≤,2,1.6508147183338656e-06
‡•å‡§ö,2,1.6508147183338656e-06
‡•Ç‡§≠,2,1.6508147183338656e-06
‡§õ‡§Ç,2,1.6508147183338656e-06
‡§â‡§´,2,1.6508147183338656e-06
‡§Æ‡§º,2,1.6508147183338656e-06
‡•ê ,2,1.6508147183338656e-06
‡§™‡§ú,2,1.6508147183338656e-06
 ‡•ê,2,1.6508147183338656e-06
‡§Æ‚Äç,2,1.6508147183338656e-06
‡•Ä‡§Ö,2,1.6508147183338656e-06
‡§∑‡§™,2,1.6508147183338656e-06
‡§´‡§à,2,1.6508147183338656e-06
‡§ö‡§ñ,2,1.6508147183338656e-06
‡•ô‡§ø,2,1.6508147183338656e-06
‡§°‡§ö,1,8.254073591669328e-07
‡•õ‡•Ä,1,8.254073591669328e-07
‡§ß‡§ú,1,8.254073591669328e-07
‡§Ø‡§ò,1,8.254073591669328e-07
‡§°‡§§,1,8.254073591669328e-07
‡§¢‡§∞,1,8.254073591669328e-07
‡§™‚Äç,1,8.254073591669328e-07
‡§∏‡§Ö,1,8.254073591669328e-07
‡•ã‡•á,1,8.254073591669328e-07
‡§ñ‡§∂,1,8.254073591669328e-07
‡•á‡•õ,1,8.254073591669328e-07
‡§°¬†,1,8.254073591669328e-07
‡§ü¬†,1,8.254073591669328e-07
‡§°‡§à,1,8.254073591669328e-07
‡§ø‡•á,1,8.254073591669328e-07
‡§π‡§è,1,8.254073591669328e-07
‡§æ‡§ê,1,8.254073591669328e-07
‡§°‡§á,1,8.254073591669328e-07
‡§ò‡§à,1,8.254073591669328e-07
‡§®‡§ò,1,8.254073591669328e-07
‡§¢‡•ç,1,8.254073591669328e-07
‡§∑‡§®,1,8.254073591669328e-07
‡§â‡§Ö,1,8.254073591669328e-07
‚Äã‡§®,1,8.254073591669328e-07
‡§ï‡§è,1,8.254073591669328e-07
‚Äã‚Äã,1,8.254073591669328e-07
‡§ë‡§ó,1,8.254073591669328e-07
‡§§¬†,1,8.254073591669328e-07
‡§Ü‡§©,1,8.254073591669328e-07
‡§†‡•Ç,1,8.254073591669328e-07
‡§Æ‡§•,1,8.254073591669328e-07
‡§≠‡§±,1,8.254073591669328e-07
‡•ú¬†,1,8.254073591669328e-07
 üòé,1,8.254073591669328e-07
üòéüòé,1,8.254073591669328e-07
‡•ã‡§Ü,1,8.254073591669328e-07
‡§®‡§º,1,8.254073591669328e-07
‡§á‡§Ü,1,8.254073591669328e-07
‡•ù‡§ø,1,8.254073591669328e-07
‡§ë‡§â,1,8.254073591669328e-07
‡§ø‡§à,1,8.254073591669328e-07
‡•â‡§ì,1,8.254073591669328e-07
üôåüèª,1,8.254073591669328e-07
‡§π‡§à,1,8.254073591669328e-07
‡§ó‚Äì,1,8.254073591669328e-07
‡§Æ¬†,1,8.254073591669328e-07
‡§≠‡§ß,1,8.254073591669328e-07
‡•à‡§π,1,8.254073591669328e-07
‡§Ö‡§õ,1,8.254073591669328e-07
‚Äã‡§∞,1,8.254073591669328e-07
‡§≠‡§∑,1,8.254073591669328e-07
¬†‡§ï,1,8.254073591669328e-07
‡§¢‡§≤,1,8.254073591669328e-07
‚Äã‡§ï,1,8.254073591669328e-07
‡§ï‡§ì,1,8.254073591669328e-07
‡§ä‡§∑,1,8.254073591669328e-07
‡§Å‡§ö,1,8.254073591669328e-07
‡•Å‡§Å,1,8.254073591669328e-07
 üôå,1,8.254073591669328e-07
‡§£¬†,1,8.254073591669328e-07
‡•Ç‚Äç,1,8.254073591669328e-07
‡§µ‡§†,1,8.254073591669328e-07
‡§ö‡§Ö,1,8.254073591669328e-07
‡§´‡§Ø,1,8.254073591669328e-07
üáπüá∑,1,8.254073591669328e-07
‡§∞‡§ù,1,8.254073591669328e-07
‡§•¬†,1,8.254073591669328e-07
‡§°‡§ú,1,8.254073591669328e-07
‡§µ‡§à,1,8.254073591669328e-07
‡§Ø¬†,1,8.254073591669328e-07
‡§Ç‡§à,1,8.254073591669328e-07
‡•ã‡§ä,1,8.254073591669328e-07
‡§Ö ,1,8.254073591669328e-07
‡§ñ‡§Ø,1,8.254073591669328e-07
‡§ì‡§§,1,8.254073591669328e-07
‡§æ‡§Ü,1,8.254073591669328e-07
‡•â‚Äç,1,8.254073591669328e-07
‡§≠‚Äç,1,8.254073591669328e-07
üá∑ ,1,8.254073591669328e-07
‡§ä‡§∏,1,8.254073591669328e-07
‡§Ö‡§†,1,8.254073591669328e-07
üôèüáÆ,1,8.254073591669328e-07
‡§ï‡§õ,1,8.254073591669328e-07
‡§∏‡§ß,1,8.254073591669328e-07
‡§õ‡•ú,1,8.254073591669328e-07
‡§è‡§§,1,8.254073591669328e-07
üòá ,1,8.254073591669328e-07
 üòá,1,8.254073591669328e-07
‡§ó¬†,1,8.254073591669328e-07
‡§£‡§≤,1,8.254073591669328e-07
üì∫ ,1,8.254073591669328e-07
üåèüì∫,1,8.254073591669328e-07
üìªüåè,1,8.254073591669328e-07
 üìª,1,8.254073591669328e-07
üëÄ ,1,8.254073591669328e-07
 üëÄ,1,8.254073591669328e-07
‡§ü‡§É,1,8.254073591669328e-07
‡•Ç‡§É,1,8.254073591669328e-07
‡§Ç‡§â,1,8.254073591669328e-07
‡§ó‚Äç,1,8.254073591669328e-07
‡§®‡§ê,1,8.254073591669328e-07
‡§á‚Äç,1,8.254073591669328e-07
‡§º‡§ö,1,8.254073591669328e-07
‡•Ä‡•§,1,8.254073591669328e-07
‡§ü‡§º,1,8.254073591669328e-07
‡§º‡§≠,1,8.254073591669328e-07
‡§´¬†,1,8.254073591669328e-07
‡§ß‡•ú,1,8.254073591669328e-07
‡§†‡§≤,1,8.254073591669328e-07
‡§É‡§∂,1,8.254073591669328e-07
‡§ú‡§â,1,8.254073591669328e-07
‡§ñ‡§ö,1,8.254073591669328e-07
‡•ü‡•Ä,1,8.254073591669328e-07
‡§æ‡•ü,1,8.254073591669328e-07
‡§ù‡•ú,1,8.254073591669328e-07
‡§ê‡§ú,1,8.254073591669328e-07
‡•ç‡§ø,1,8.254073591669328e-07
‡§≤‡§ê,1,8.254073591669328e-07
‡•â‡§µ,1,8.254073591669328e-07
‡•É‡§ó,1,8.254073591669328e-07
‡•û‡•Ä,1,8.254073591669328e-07
‡•ü‡•ã,1,8.254073591669328e-07
‡§ø‡•ü,1,8.254073591669328e-07
‚Äç‡§æ,1,8.254073591669328e-07
‡§Ö‚Äç,1,8.254073591669328e-07
‡§§‡•õ,1,8.254073591669328e-07
‡•á‡§á,1,8.254073591669328e-07
‡§Ö‡§ò,1,8.254073591669328e-07
‡§Ø‡§É,1,8.254073591669328e-07
‡§º‡§°,1,8.254073591669328e-07
‡•Å‡§º,1,8.254073591669328e-07
‡§ú‡§ö,1,8.254073591669328e-07
üòú ,1,8.254073591669328e-07
 üòú,1,8.254073591669328e-07
‡§µ‡§É,1,8.254073591669328e-07
‡•ô‡•Å,1,8.254073591669328e-07
‡§Æ‡§∑,1,8.254073591669328e-07
‡§ì‡§ñ,1,8.254073591669328e-07
üéÇüéÇ,1,8.254073591669328e-07
 üéÇ,1,8.254073591669328e-07
‡§¶‡§Ü,1,8.254073591669328e-07
‡§¨‡§É,1,8.254073591669328e-07
‡§ø‡•ù,1,8.254073591669328e-07
‡§ò‡•É,1,8.254073591669328e-07
‡§ä‡§É,1,8.254073591669328e-07
‡•Ç‡§Ö,1,8.254073591669328e-07
‡§°‡•û,1,8.254073591669328e-07
‡§ì‡§ú,1,8.254073591669328e-07
‡§®‡§•,1,8.254073591669328e-07
‡§°‡§©,1,8.254073591669328e-07
‡§µ‡§¨,1,8.254073591669328e-07
‡§ó‡§Ü,1,8.254073591669328e-07
‡•ã‡§â,1,8.254073591669328e-07
üéÇüç∞,1,8.254073591669328e-07
üç∞üç∞,1,8.254073591669328e-07
üç∞üç∑,1,8.254073591669328e-07
‡§≠‡§™,1,8.254073591669328e-07
‡•Å‡•û,1,8.254073591669328e-07
‡§º‚Äç,1,8.254073591669328e-07
‡§ø‡§Ü,1,8.254073591669328e-07
‡§ü‡§ü,1,8.254073591669328e-07
‡§ó‡§º,1,8.254073591669328e-07
‡§â‡§ø,1,8.254073591669328e-07
‡§•‡§ú,1,8.254073591669328e-07
üç∑üíÉ,1,8.254073591669328e-07
‡•ç‡§à,1,8.254073591669328e-07
‡§è‡§Ö,1,8.254073591669328e-07
‡§ù‡•ç,1,8.254073591669328e-07
‡§ó‡•õ,1,8.254073591669328e-07
‡§ã‡§ö,1,8.254073591669328e-07
üèªüíÉ,1,8.254073591669328e-07
‡•á‚Äç,1,8.254073591669328e-07
‡§¶‡•ú,1,8.254073591669328e-07
‡§¨‡§†,1,8.254073591669328e-07
‡•á‡§ø,1,8.254073591669328e-07
‡§è‚Äç,1,8.254073591669328e-07
‡§∑‡§∂,1,8.254073591669328e-07
 ‚Ä¶,1,8.254073591669328e-07
‡§®‡§ë,1,8.254073591669328e-07
‡§õ‡§ü,1,8.254073591669328e-07
‡§¶‡§É,1,8.254073591669328e-07
‡•á‡§æ,1,8.254073591669328e-07
‡§ì‡•á,1,8.254073591669328e-07
‡•ù‡•ã,1,8.254073591669328e-07
‡§ï‡§ë,1,8.254073591669328e-07
‡§ê‡§®,1,8.254073591669328e-07
‡§≠‡§®,1,8.254073591669328e-07
‡§ä‡§¨,1,8.254073591669328e-07
‡§ø‡§ã,1,8.254073591669328e-07
‡§ö‡§¨,1,8.254073591669328e-07
‡§∞‡§Ü,1,8.254073591669328e-07
‡§¨‡§•,1,8.254073591669328e-07
‡§æ‡§º,1,8.254073591669328e-07
‡§æ‡§æ,1,8.254073591669328e-07
‡§ì‡§¶,1,8.254073591669328e-07
‡§è‡•ú,1,8.254073591669328e-07
‡§º‡§≤,1,8.254073591669328e-07
‡§π‡•õ,1,8.254073591669328e-07
‡§ø‡§ò,1,8.254073591669328e-07
‡§Ü‡§ä,1,8.254073591669328e-07
üèª ,1,8.254073591669328e-07
‡•Ç‡•õ,1,8.254073591669328e-07
üôèüèª,1,8.254073591669328e-07
Ô∏è ,1,8.254073591669328e-07
‡•É‡§•,1,8.254073591669328e-07
‡§¢‡§µ,1,8.254073591669328e-07
‡•ô‡•ç,1,8.254073591669328e-07
‡§∏‡•ô,1,8.254073591669328e-07
‡•Ö‡§®,1,8.254073591669328e-07
‡§ï‡§ß,1,8.254073591669328e-07
‡§π¬†,1,8.254073591669328e-07
‚Ä¶ ,1,8.254073591669328e-07
‡§∏‡§á,1,8.254073591669328e-07
‡§ü‡§π,1,8.254073591669328e-07
‡§∂‡§∂,1,8.254073591669328e-07
‡§Ö‡§æ,1,8.254073591669328e-07
‡§ì‡§ü,1,8.254073591669328e-07
‡§°‡§°,1,8.254073591669328e-07
‡§∂‡§ú,1,8.254073591669328e-07
‡§ó‡§ò,1,8.254073591669328e-07
‡•ú‡§ú,1,8.254073591669328e-07
‡§Ø‡§è,1,8.254073591669328e-07
‡•Ç‡§à,1,8.254073591669328e-07
‡§î‡§Ç,1,8.254073591669328e-07
‡§è‚Äé,1,8.254073591669328e-07
‡§≤‡•É,1,8.254073591669328e-07
‡§≤‚Äì,1,8.254073591669328e-07
‡§µ‡•ú,1,8.254073591669328e-07
‡§è‡§£,1,8.254073591669328e-07
‡§ü‡§¶,1,8.254073591669328e-07
‡§ó‡§ó,1,8.254073591669328e-07
üíØ ,1,8.254073591669328e-07
 üíØ,1,8.254073591669328e-07
‚Äã‡§∏,1,8.254073591669328e-07
‡§≤‡§ì,1,8.254073591669328e-07
‚Äã‡§ú,1,8.254073591669328e-07
‡§¢‡§™,1,8.254073591669328e-07
‡§™‡§É,1,8.254073591669328e-07
‡§ê ,1,8.254073591669328e-07
‡§î‡§±,1,8.254073591669328e-07
‡§à‡§Ö,1,8.254073591669328e-07
Ô∏èüôè,1,8.254073591669328e-07
Ô∏è‚≠ê,1,8.254073591669328e-07
 ‚≠ê,1,8.254073591669328e-07
‡•á‡•§,1,8.254073591669328e-07
‡§ñ‡§Æ,1,8.254073591669328e-07
