triagram,frequency,probability
टीम,215,0.005271158183779543
लिए,1476,0.03618711385701677
रहा,668,0.016377365891928997
जेल,99,0.0024271844660194173
में,8422,0.20648229871530843
बंद,113,0.002770422673335295
काम,289,0.007085417279592037
चयन,11,0.00026968716289104636
गया,866,0.021231734823967834
रही,818,0.02005491811317054
रहे,763,0.01870648229871531
बात,451,0.011057173678532902
आने,152,0.0037265862508580956
किए,215,0.005271158183779543
जगह,92,0.0022555653623614787
खास,97,0.0023781504364028634
जिस,104,0.0025497695400608024
वजह,221,0.005418260272629205
हुए,687,0.016843189173286262
दबी,2,4.903402961655389e-05
लोग,261,0.006398940864960283
बाद,1091,0.026748063155830146
दिए,115,0.0028194567029518488
जता,7,0.00017161910365793862
हुआ,282,0.0069137981759340985
इंच,9,0.0002206531332744925
फोन,105,0.0025742865548690794
तरह,318,0.0077964107090320684
चार,110,0.002696871628910464
सभी,284,0.006962832205550652
रखा,100,0.002451701480827694
ढंग,14,0.00034323820731587724
अगर,192,0.004707266843189173
तौर,122,0.0029910758066097874
वोट,85,0.00208394625870354
मिल,105,0.0025742865548690794
दिख,37,0.000907129547906247
खात,4,9.806805923310778e-05
पोल,32,0.0007845444738648623
हाथ,90,0.002206531332744925
नजर,217,0.005320192213396097
बार,322,0.007894478768265175
बीच,289,0.007085417279592037
कुल,72,0.00176522506619594
जीत,91,0.0022310483475532017
हैं,751,0.018412278121015986
महज,47,0.0011522996959890163
रूप,161,0.003947239384132588
मान,14,0.00034323820731587724
नया,59,0.0014465038736883398
साथ,1046,0.025644797489457683
देश,294,0.007208002353633422
मैं,262,0.00642345787976856
कुछ,490,0.012013337256055703
आगे,127,0.003113660880651172
हूं,79,0.0019368441698538786
ऐसे,219,0.005369226243012651
खुद,132,0.003236245954692557
दूर,66,0.0016181229773462784
उठे,6,0.00014710208884966165
कही,27,0.0006619593998234775
कहा,931,0.022825340786505836
हुई,324,0.00794351279788173
ऐसा,182,0.0044620966951064035
जून,78,0.0019123271550456017
अंत,18,0.000441306266548985
इसे,132,0.003236245954692557
नाम,301,0.00737962145729136
कोई,431,0.010566833382367363
शहर,70,0.0017161910365793862
भला,8,0.00019613611846621556
हाई,56,0.001372952829263509
उठा,33,0.0008090614886731392
अलग,77,0.0018878101402373248
कौन,39,0.0009561635775228008
फिर,276,0.006766696087084437
बनी,44,0.0010787486515641855
उसे,275,0.00674217907227616
हटा,24,0.0005884083553986466
अभी,161,0.003947239384132588
पाई,22,0.0005393743257820927
जोन,11,0.00026968716289104636
अमल,9,0.0002206531332744925
शेर,21,0.0005148573109738158
रूक,4,9.806805923310778e-05
साल,443,0.010861037560066686
गिर,32,0.0007845444738648623
बने,56,0.001372952829263509
सका,12,0.0002942041776993233
मौत,203,0.004976954006080219
खाट,9,0.0002206531332744925
ऊपर,31,0.0007600274590565853
चला,70,0.0017161910365793862
नईम,8,0.00019613611846621556
गृह,52,0.0012748847700304012
चीफ,20,0.0004903402961655388
पता,140,0.0034323820731587723
लगी,46,0.0011277826811807393
नही,13,0.0003187211925076003
असर,38,0.0009316465627145239
कमी,38,0.0009316465627145239
दिन,266,0.0065215259390016675
हेड,13,0.0003187211925076003
यही,73,0.001789742081004217
पाक,15,0.0003677552221241542
भेज,44,0.0010787486515641855
पास,246,0.006031185642836129
समय,230,0.0056389134059036975
मदद,134,0.0032852799843091107
ढेर,18,0.000441306266548985
वही,23,0.0005638913405903697
बता,197,0.004829851917230558
दें,148,0.003628518191624988
मार,64,0.0015690889477297245
तीन,177,0.004339511621065019
घेर,11,0.00026968716289104636
खुश,33,0.0008090614886731392
सेब,28,0.0006864764146317545
पाए,49,0.0012013337256055702
सही,53,0.0012994017848386781
दिल,36,0.00088261253309797
वजन,7,0.00017161910365793862
रुख,27,0.0006619593998234775
बना,107,0.0026233205844856332
बजे,75,0.0018387761106207709
इसी,184,0.004511130724722957
रेप,108,0.00264783759929391
रोज,27,0.0006619593998234775
सकी,10,0.0002451701480827694
खूब,35,0.0008580955182896931
आता,35,0.0008580955182896931
आया,112,0.002745905658527018
मां,154,0.0037756202804746495
बहन,28,0.0006864764146317545
कभी,106,0.0025988035696773563
सोच,29,0.0007109934294400314
ऐसी,88,0.002157497303128371
सिर,30,0.0007355104442483084
लौट,19,0.00046582328135726195
बिग,39,0.0009561635775228008
पार,34,0.0008335785034814161
सेफ,5,0.0001225850740413847
गिल,6,0.00014710208884966165
थूक,2,4.903402961655389e-05
टूट,12,0.0002942041776993233
आकर,28,0.0006864764146317545
अली,79,0.0019368441698538786
गजल,16,0.00039227223693243113
आहत,9,0.0002206531332744925
ठीक,52,0.0012748847700304012
नीम,2,4.903402961655389e-05
फूल,12,0.0002942041776993233
चूक,2,4.903402961655389e-05
समझ,35,0.0008580955182896931
आती,19,0.00046582328135726195
छवि,17,0.00041678925174070807
किस,39,0.0009561635775228008
शाह,78,0.0019123271550456017
देख,55,0.001348435814455232
भूल,24,0.0005884083553986466
उसी,49,0.0012013337256055702
पेश,57,0.001397469844071786
मेल,12,0.0002942041776993233
सफल,33,0.0008090614886731392
चाल,4,9.806805923310778e-05
भाग,28,0.0006864764146317545
लगा,139,0.0034078650583504954
सेल,17,0.00041678925174070807
जान,68,0.0016671570069628323
कलह,3,7.355104442483083e-05
नगर,39,0.0009561635775228008
गठन,15,0.0003677552221241542
सुर,6,0.00014710208884966165
कदम,76,0.0018632931254290478
कवर,18,0.000441306266548985
गौर,8,0.00019613611846621556
यदि,30,0.0007355104442483084
हवा,15,0.0003677552221241542
अहम,62,0.0015200549181131706
सात,45,0.0011032656663724624
तेज,46,0.0011277826811807393
घोष,4,9.806805923310778e-05
पतन,2,4.903402961655389e-05
जुट,18,0.000441306266548985
आएं,9,0.0002206531332744925
खबर,104,0.0025497695400608024
कोल,5,0.0001225850740413847
भरे,13,0.0003187211925076003
पंप,7,0.00017161910365793862
करा,36,0.00088261253309797
बेड,9,0.0002206531332744925
एवं,43,0.0010542316367559085
राम,105,0.0025742865548690794
घुस,16,0.00039227223693243113
अजय,22,0.0005393743257820927
तरण,6,0.00014710208884966165
गलत,46,0.0011277826811807393
सैफ,24,0.0005884083553986466
खान,190,0.004658232813572619
मचा,14,0.00034323820731587724
बोल,21,0.0005148573109738158
मेन,6,0.00014710208884966165
भरी,13,0.0003187211925076003
वैन,9,0.0002206531332744925
धाम,7,0.00017161910365793862
दास,5,0.0001225850740413847
शोक,13,0.0003187211925076003
हिट,16,0.00039227223693243113
कमर,6,0.00014710208884966165
तरफ,137,0.0033588310287339415
हाल,104,0.0025497695400608024
संग,26,0.0006374423850152006
मगर,41,0.0010051976071393546
शाम,59,0.0014465038736883398
महल,4,9.806805923310778e-05
रोड,27,0.0006619593998234775
जाल,8,0.00019613611846621556
दूध,29,0.0007109934294400314
छपी,6,0.00014710208884966165
साफ,100,0.002451701480827694
फूड,6,0.00014710208884966165
लैब,7,0.00017161910365793862
घुन,2,4.903402961655389e-05
अरब,17,0.00041678925174070807
तेल,20,0.0004903402961655388
छठा,3,7.355104442483083e-05
हित,22,0.0005393743257820927
दशक,14,0.00034323820731587724
चीन,75,0.0018387761106207709
जोर,20,0.0004903402961655388
लाभ,16,0.00039227223693243113
याद,38,0.0009316465627145239
भीम,3,7.355104442483083e-05
आधा,9,0.0002206531332744925
देर,53,0.0012994017848386781
लगे,65,0.0015936059625380015
शिव,16,0.00039227223693243113
सजा,43,0.0010542316367559085
केस,127,0.003113660880651172
कैद,9,0.0002206531332744925
बरी,4,9.806805923310778e-05
काट,14,0.00034323820731587724
तथा,47,0.0011522996959890163
लाल,33,0.0008090614886731392
शरण,3,7.355104442483083e-05
असम,27,0.0006619593998234775
तहत,112,0.002745905658527018
शेख,7,0.00017161910365793862
लाश,43,0.0010542316367559085
ढाई,12,0.0002942041776993233
सोई,1,2.4517014808276945e-05
हवस,8,0.00019613611846621556
नदी,22,0.0005393743257820927
ईंट,4,9.806805923310778e-05
लाख,152,0.0037265862508580956
होम,16,0.00039227223693243113
लोन,19,0.00046582328135726195
बेस,4,9.806805923310778e-05
रेट,9,0.0002206531332744925
घटा,12,0.0002942041776993233
लूट,27,0.0006619593998234775
कार,65,0.0015936059625380015
नशे,11,0.00026968716289104636
खेल,47,0.0011522996959890163
सुन,9,0.0002206531332744925
कुद,1,2.4517014808276945e-05
बचा,13,0.0003187211925076003
ठोक,3,7.355104442483083e-05
अदा,12,0.0002942041776993233
असल,17,0.00041678925174070807
आशा,8,0.00019613611846621556
मृत,12,0.0002942041776993233
राज,42,0.0010297146219476316
वार,15,0.0003677552221241542
पति,72,0.00176522506619594
रूम,24,0.0005884083553986466
चाय,7,0.00017161910365793862
माफ,9,0.0002206531332744925
एंड,27,0.0006619593998234775
मूल,13,0.0003187211925076003
रकम,18,0.000441306266548985
बहस,17,0.00041678925174070807
गैप,3,7.355104442483083e-05
शूट,8,0.00019613611846621556
रहो,3,7.355104442483083e-05
रखो,3,7.355104442483083e-05
काल,11,0.00026968716289104636
बचत,1,2.4517014808276945e-05
जमा,26,0.0006374423850152006
खोल,11,0.00026968716289104636
मरे,2,4.903402961655389e-05
कदर,10,0.0002451701480827694
बरस,3,7.355104442483083e-05
फटा,3,7.355104442483083e-05
हां,10,0.0002451701480827694
संघ,25,0.0006129253702069236
राय,37,0.000907129547906247
बाई,7,0.00017161910365793862
सरल,4,9.806805923310778e-05
यान,1,2.4517014808276945e-05
रात,111,0.002721388643718741
फैल,18,0.000441306266548985
गला,12,0.0002942041776993233
घाट,10,0.0002451701480827694
भरा,14,0.00034323820731587724
खां,2,4.903402961655389e-05
धुन,4,9.806805923310778e-05
रखी,30,0.0007355104442483084
गेट,15,0.0003677552221241542
सभा,19,0.00046582328135726195
डेट,18,0.000441306266548985
कीच,2,4.903402961655389e-05
रोल,47,0.0011522996959890163
सहज,3,7.355104442483083e-05
भाई,77,0.0018878101402373248
ईशा,11,0.00026968716289104636
गाज,2,4.903402961655389e-05
चोट,20,0.0004903402961655388
खून,34,0.0008335785034814161
गईं,13,0.0003187211925076003
आंत,2,4.903402961655389e-05
लीड,15,0.0003677552221241542
यूथ,2,4.903402961655389e-05
बजट,37,0.000907129547906247
आटा,3,7.355104442483083e-05
डेड,1,2.4517014808276945e-05
हार,28,0.0006864764146317545
सेह,1,2.4517014808276945e-05
मधु,5,0.0001225850740413847
रचा,2,4.903402961655389e-05
आयी,3,7.355104442483083e-05
गैर,7,0.00017161910365793862
तभी,42,0.0010297146219476316
रोष,3,7.355104442483083e-05
मैन,8,0.00019613611846621556
उतर,13,0.0003187211925076003
रेल,10,0.0002451701480827694
कसा,1,2.4517014808276945e-05
टैग,4,9.806805923310778e-05
सीट,93,0.0022800823771697556
रखे,22,0.0005393743257820927
किम,19,0.00046582328135726195
चोल,2,4.903402961655389e-05
जंग,25,0.0006129253702069236
चले,15,0.0003677552221241542
सेट,20,0.0004903402961655388
चीज,22,0.0005393743257820927
यहा,2,4.903402961655389e-05
निक,7,0.00017161910365793862
जला,8,0.00019613611846621556
लहर,13,0.0003187211925076003
धुर,1,2.4517014808276945e-05
रास,2,4.903402961655389e-05
जगन,1,2.4517014808276945e-05
विद,3,7.355104442483083e-05
दखल,5,0.0001225850740413847
पचा,1,2.4517014808276945e-05
बीड,4,9.806805923310778e-05
संत,11,0.00026968716289104636
आना,17,0.00041678925174070807
डील,21,0.0005148573109738158
हटे,1,2.4517014808276945e-05
जेट,21,0.0005148573109738158
रोक,39,0.0009561635775228008
कौर,19,0.00046582328135726195
साए,3,7.355104442483083e-05
कोट,2,4.903402961655389e-05
फूट,2,4.903402961655389e-05
बेच,8,0.00019613611846621556
तले,4,9.806805923310778e-05
दबा,4,9.806805923310778e-05
बसर,2,4.903402961655389e-05
बीत,4,9.806805923310778e-05
बैठ,10,0.0002451701480827694
सबक,6,0.00014710208884966165
सना,14,0.00034323820731587724
रुक,4,9.806805923310778e-05
जीप,4,9.806805923310778e-05
ठान,4,9.806805923310778e-05
दाग,3,7.355104442483083e-05
खेद,5,0.0001225850740413847
दुख,10,0.0002451701480827694
भले,31,0.0007600274590565853
बेल,4,9.806805923310778e-05
दूं,3,7.355104442483083e-05
तूल,4,9.806805923310778e-05
बीफ,4,9.806805923310778e-05
बाप,5,0.0001225850740413847
उलट,7,0.00017161910365793862
तुम,19,0.00046582328135726195
मीट,4,9.806805923310778e-05
बाल,13,0.0003187211925076003
जाए,34,0.0008335785034814161
मगध,3,7.355104442483083e-05
आइए,11,0.00026968716289104636
छीन,4,9.806805923310778e-05
मोह,2,4.903402961655389e-05
लाए,7,0.00017161910365793862
दंड,4,9.806805923310778e-05
शंख,2,4.903402961655389e-05
आते,45,0.0011032656663724624
डाल,18,0.000441306266548985
लेक,5,0.0001225850740413847
करण,58,0.0014219868588800629
आंख,6,0.00014710208884966165
मेड,3,7.355104442483083e-05
आका,2,4.903402961655389e-05
नये,6,0.00014710208884966165
बदल,21,0.0005148573109738158
हों,9,0.0002206531332744925
पान,2,4.903402961655389e-05
डूब,2,4.903402961655389e-05
सघन,2,4.903402961655389e-05
लदे,1,2.4517014808276945e-05
शमी,11,0.00026968716289104636
पैर,9,0.0002206531332744925
गति,2,4.903402961655389e-05
मैच,52,0.0012748847700304012
फीस,3,7.355104442483083e-05
शोज,4,9.806805923310778e-05
गाओ,1,2.4517014808276945e-05
पूछ,7,0.00017161910365793862
बीस,5,0.0001225850740413847
एयर,30,0.0007355104442483084
जैश,6,0.00014710208884966165
दौर,24,0.0005884083553986466
भवन,6,0.00014710208884966165
बाज,2,4.903402961655389e-05
उमर,5,0.0001225850740413847
कसर,1,2.4517014808276945e-05
शाद,1,2.4517014808276945e-05
लिख,8,0.00019613611846621556
दुआ,2,4.903402961655389e-05
पाल,18,0.000441306266548985
मात,6,0.00014710208884966165
सबब,2,4.903402961655389e-05
सपा,27,0.0006619593998234775
चरण,24,0.0005884083553986466
सोम,1,2.4517014808276945e-05
अटल,4,9.806805923310778e-05
जैन,9,0.0002206531332744925
राव,8,0.00019613611846621556
रवि,12,0.0002942041776993233
सफर,15,0.0003677552221241542
चैन,9,0.0002206531332744925
गोद,12,0.0002942041776993233
एकल,1,2.4517014808276945e-05
रशा,1,2.4517014808276945e-05
फेज,2,4.903402961655389e-05
ऋचा,1,2.4517014808276945e-05
मना,33,0.0008090614886731392
चुप,16,0.00039227223693243113
वेज,1,2.4517014808276945e-05
करन,1,2.4517014808276945e-05
कटी,1,2.4517014808276945e-05
लाद,1,2.4517014808276945e-05
सीन,9,0.0002206531332744925
तंज,8,0.00019613611846621556
मनु,6,0.00014710208884966165
तनु,2,4.903402961655389e-05
बहल,6,0.00014710208884966165
घूम,6,0.00014710208884966165
टेक,9,0.0002206531332744925
जगत,12,0.0002942041776993233
लीग,14,0.00034323820731587724
पीठ,17,0.00041678925174070807
जफर,4,9.806805923310778e-05
नोट,28,0.0006864764146317545
आये,6,0.00014710208884966165
थमा,4,9.806805923310778e-05
कहे,8,0.00019613611846621556
किन,3,7.355104442483083e-05
खपा,1,2.4517014808276945e-05
इंक,1,2.4517014808276945e-05
सनी,16,0.00039227223693243113
एअर,1,2.4517014808276945e-05
डबल,11,0.00026968716289104636
पैक,2,4.903402961655389e-05
शेष,4,9.806805923310778e-05
गहन,3,7.355104442483083e-05
खेर,22,0.0005393743257820927
जिन,28,0.0006864764146317545
सीज,2,4.903402961655389e-05
सील,15,0.0003677552221241542
चंद,11,0.00026968716289104636
ओवी,2,4.903402961655389e-05
बैन,31,0.0007600274590565853
रंग,19,0.00046582328135726195
छोर,2,4.903402961655389e-05
हरि,3,7.355104442483083e-05
वीर,3,7.355104442483083e-05
जोश,9,0.0002206531332744925
तंग,4,9.806805923310778e-05
रची,6,0.00014710208884966165
खनन,3,7.355104442483083e-05
लेख,3,7.355104442483083e-05
वैध,5,0.0001225850740413847
पलट,6,0.00014710208884966165
गयी,13,0.0003187211925076003
चौथ,3,7.355104442483083e-05
धूम,3,7.355104442483083e-05
घना,2,4.903402961655389e-05
घने,3,7.355104442483083e-05
आला,12,0.0002942041776993233
लेट,16,0.00039227223693243113
ठंड,8,0.00019613611846621556
ईडी,4,9.806805923310778e-05
ऐंड,2,4.903402961655389e-05
मील,1,2.4517014808276945e-05
यमन,8,0.00019613611846621556
सदन,32,0.0007845444738648623
कहो,6,0.00014710208884966165
चाक,2,4.903402961655389e-05
झूठ,17,0.00041678925174070807
दीप,9,0.0002206531332744925
जले,2,4.903402961655389e-05
पले,1,2.4517014808276945e-05
हूँ,2,4.903402961655389e-05
जहल,1,2.4517014808276945e-05
जाम,8,0.00019613611846621556
आजम,8,0.00019613611846621556
सदर,2,4.903402961655389e-05
कसम,1,2.4517014808276945e-05
खाई,4,9.806805923310778e-05
कौम,1,2.4517014808276945e-05
रील,2,4.903402961655389e-05
कलर,11,0.00026968716289104636
ईयर,3,7.355104442483083e-05
तीस,4,9.806805923310778e-05
आदि,13,0.0003187211925076003
तार,4,9.806805923310778e-05
मंच,18,0.000441306266548985
टाल,11,0.00026968716289104636
फंड,20,0.0004903402961655388
रेस,2,4.903402961655389e-05
गोल,3,7.355104442483083e-05
सास,5,0.0001225850740413847
जिम,7,0.00017161910365793862
ओनी,1,2.4517014808276945e-05
सैर,3,7.355104442483083e-05
योग,33,0.0008090614886731392
थीं,28,0.0006864764146317545
केक,3,7.355104442483083e-05
बेक,1,2.4517014808276945e-05
धार,2,4.903402961655389e-05
गुट,4,9.806805923310778e-05
खुल,8,0.00019613611846621556
बडा,1,2.4517014808276945e-05
कैश,21,0.0005148573109738158
यूं,17,0.00041678925174070807
आधी,5,0.0001225850740413847
दीं,1,2.4517014808276945e-05
बुआ,4,9.806805923310778e-05
ठोस,6,0.00014710208884966165
रमन,12,0.0002942041776993233
नील,8,0.00019613611846621556
फसल,2,4.903402961655389e-05
शौच,1,2.4517014808276945e-05
अमर,4,9.806805923310778e-05
लोक,13,0.0003187211925076003
सटे,10,0.0002451701480827694
ठगी,14,0.00034323820731587724
इसस,2,4.903402961655389e-05
सती,4,9.806805923310778e-05
देह,1,2.4517014808276945e-05
शीश,2,4.903402961655389e-05
सिख,14,0.00034323820731587724
परम,1,2.4517014808276945e-05
शहद,2,4.903402961655389e-05
चना,1,2.4517014808276945e-05
भोग,6,0.00014710208884966165
हवन,5,0.0001225850740413847
शयन,1,2.4517014808276945e-05
चेन,7,0.00017161910365793862
बचे,8,0.00019613611846621556
पोज,5,0.0001225850740413847
गुड,3,7.355104442483083e-05
फेल,5,0.0001225850740413847
आउट,19,0.00046582328135726195
खंड,1,2.4517014808276945e-05
कंठ,2,4.903402961655389e-05
कोष,4,9.806805923310778e-05
दान,13,0.0003187211925076003
रेड,13,0.0003187211925076003
एवज,1,2.4517014808276945e-05
उसक,1,2.4517014808276945e-05
डरे,5,0.0001225850740413847
घनी,1,2.4517014808276945e-05
गैस,9,0.0002206531332744925
सईद,5,0.0001225850740413847
बैच,2,4.903402961655389e-05
लीव,6,0.00014710208884966165
चली,16,0.00039227223693243113
फीट,7,0.00017161910365793862
चीख,1,2.4517014808276945e-05
बंध,2,4.903402961655389e-05
कपल,13,0.0003187211925076003
अबु,4,9.806805923310778e-05
ओवर,23,0.0005638913405903697
रूट,11,0.00026968716289104636
लात,1,2.4517014808276945e-05
पवन,3,7.355104442483083e-05
उरी,20,0.0004903402961655388
रूस,22,0.0005393743257820927
कसी,1,2.4517014808276945e-05
गये,12,0.0002942041776993233
कोर,2,4.903402961655389e-05
लें,6,0.00014710208884966165
कोड,6,0.00014710208884966165
गुम,2,4.903402961655389e-05
रजत,1,2.4517014808276945e-05
पदक,2,4.903402961655389e-05
राग,5,0.0001225850740413847
लला,2,4.903402961655389e-05
गले,11,0.00026968716289104636
गनी,2,4.903402961655389e-05
अबू,1,2.4517014808276945e-05
रबर,2,4.903402961655389e-05
हरी,8,0.00019613611846621556
सजग,2,4.903402961655389e-05
बुक,16,0.00039227223693243113
फैन,8,0.00019613611846621556
ताल,5,0.0001225850740413847
आदर,3,7.355104442483083e-05
कला,5,0.0001225850740413847
छूट,11,0.00026968716289104636
लचर,2,4.903402961655389e-05
शौक,1,2.4517014808276945e-05
घटी,3,7.355104442483083e-05
दोष,5,0.0001225850740413847
फील,3,7.355104442483083e-05
सके,10,0.0002451701480827694
आईं,11,0.00026968716289104636
मिस,16,0.00039227223693243113
सेन,4,9.806805923310778e-05
दंग,4,9.806805923310778e-05
रूख,4,9.806805923310778e-05
शिन,1,2.4517014808276945e-05
नयी,1,2.4517014808276945e-05
सकल,1,2.4517014808276945e-05
माह,22,0.0005393743257820927
आदत,9,0.0002206531332744925
आदी,1,2.4517014808276945e-05
अपर,5,0.0001225850740413847
दाम,14,0.00034323820731587724
वेब,12,0.0002942041776993233
गुल,1,2.4517014808276945e-05
टंग,1,2.4517014808276945e-05
बिल,17,0.00041678925174070807
अटक,2,4.903402961655389e-05
रनर,2,4.903402961655389e-05
कवि,2,4.903402961655389e-05
गाय,11,0.00026968716289104636
माई,8,0.00019613611846621556
बहा,3,7.355104442483083e-05
अमन,6,0.00014710208884966165
लहू,3,7.355104442483083e-05
झेल,11,0.00026968716289104636
हेट,1,2.4517014808276945e-05
वाच,1,2.4517014808276945e-05
आसन,2,4.903402961655389e-05
शोध,10,0.0002451701480827694
डीन,1,2.4517014808276945e-05
बैड,1,2.4517014808276945e-05
राह,7,0.00017161910365793862
गवी,1,2.4517014808276945e-05
सदी,1,2.4517014808276945e-05
फेस,4,9.806805923310778e-05
सगे,1,2.4517014808276945e-05
हंस,3,7.355104442483083e-05
पशु,1,2.4517014808276945e-05
सजी,2,4.903402961655389e-05
अघा,1,2.4517014808276945e-05
मजे,3,7.355104442483083e-05
विश,2,4.903402961655389e-05
जनम,1,2.4517014808276945e-05
हमे,1,2.4517014808276945e-05
शपथ,33,0.0008090614886731392
छाई,2,4.903402961655389e-05
शुभ,2,4.903402961655389e-05
अंक,5,0.0001225850740413847
ऋषि,14,0.00034323820731587724
फेम,4,9.806805923310778e-05
चलन,2,4.903402961655389e-05
नकल,20,0.0004903402961655388
गुण,4,9.806805923310778e-05
कतई,3,7.355104442483083e-05
अहं,1,2.4517014808276945e-05
सीख,6,0.00014710208884966165
झोल,1,2.4517014808276945e-05
धूल,7,0.00017161910365793862
ऐशो,1,2.4517014808276945e-05
अंश,1,2.4517014808276945e-05
लपक,1,2.4517014808276945e-05
ओके,1,2.4517014808276945e-05
यौन,21,0.0005148573109738158
युग,1,2.4517014808276945e-05
थके,1,2.4517014808276945e-05
पंख,2,4.903402961655389e-05
चिर,3,7.355104442483083e-05
बिछ,1,2.4517014808276945e-05
नयन,1,2.4517014808276945e-05
धुल,1,2.4517014808276945e-05
लुट,1,2.4517014808276945e-05
दीन,1,2.4517014808276945e-05
शलभ,1,2.4517014808276945e-05
भोर,1,2.4517014808276945e-05
बुझ,1,2.4517014808276945e-05
पेज,14,0.00034323820731587724
घास,1,2.4517014808276945e-05
होश,8,0.00019613611846621556
कैफ,11,0.00026968716289104636
मिट,2,4.903402961655389e-05
पैच,1,2.4517014808276945e-05
खोज,3,7.355104442483083e-05
लीक,14,0.00034323820731587724
बगल,4,9.806805923310778e-05
जूम,3,7.355104442483083e-05
यूज,9,0.0002206531332744925
बटन,6,0.00014710208884966165
धूप,4,9.806805923310778e-05
मजा,8,0.00019613611846621556
कहर,4,9.806805923310778e-05
गली,2,4.903402961655389e-05
पडी,1,2.4517014808276945e-05
सुध,1,2.4517014808276945e-05
पहल,9,0.0002206531332744925
बास,1,2.4517014808276945e-05
टूक,1,2.4517014808276945e-05
बसु,9,0.0002206531332744925
लुक,18,0.000441306266548985
हबी,1,2.4517014808276945e-05
साध,3,7.355104442483083e-05
वेल,2,4.903402961655389e-05
भार,2,4.903402961655389e-05
घोर,1,2.4517014808276945e-05
देव,1,2.4517014808276945e-05
अति,3,7.355104442483083e-05
सवा,4,9.806805923310778e-05
भंग,2,4.903402961655389e-05
तीर,1,2.4517014808276945e-05
रघु,3,7.355104442483083e-05
दाल,14,0.00034323820731587724
आपस,3,7.355104442483083e-05
जाग,1,2.4517014808276945e-05
हिप,1,2.4517014808276945e-05
जेब,7,0.00017161910365793862
रतन,5,0.0001225850740413847
हनन,2,4.903402961655389e-05
बहू,6,0.00014710208884966165
नोज,1,2.4517014808276945e-05
जटा,1,2.4517014808276945e-05
नमः,2,4.903402961655389e-05
जाप,4,9.806805923310778e-05
बाट,1,2.4517014808276945e-05
पाठ,2,4.903402961655389e-05
हुं,1,2.4517014808276945e-05
मनी,6,0.00014710208884966165
विज,5,0.0001225850740413847
आदा,1,2.4517014808276945e-05
मीर,3,7.355104442483083e-05
नवल,5,0.0001225850740413847
डटे,1,2.4517014808276945e-05
रूह,3,7.355104442483083e-05
बंट,1,2.4517014808276945e-05
छठी,2,4.903402961655389e-05
बूथ,3,7.355104442483083e-05
इधर,3,7.355104442483083e-05
सइब,1,2.4517014808276945e-05
कटे,1,2.4517014808276945e-05
खेत,1,2.4517014808276945e-05
आयु,13,0.0003187211925076003
धवन,12,0.0002942041776993233
हसन,3,7.355104442483083e-05
घिर,2,4.903402961655389e-05
चिट,2,4.903402961655389e-05
चेक,18,0.000441306266548985
बैक,2,4.903402961655389e-05
लवर,1,2.4517014808276945e-05
झाग,1,2.4517014808276945e-05
तैर,2,4.903402961655389e-05
गेल,9,0.0002206531332744925
बैश,2,4.903402961655389e-05
चौक,10,0.0002451701480827694
आधे,4,9.806805923310778e-05
सटी,4,9.806805923310778e-05
वधू,3,7.355104442483083e-05
बोझ,8,0.00019613611846621556
बरत,1,2.4517014808276945e-05
एसे,1,2.4517014808276945e-05
भाप,1,2.4517014808276945e-05
एलो,1,2.4517014808276945e-05
एसी,2,4.903402961655389e-05
मोड,1,2.4517014808276945e-05
धता,1,2.4517014808276945e-05
सतत,4,9.806805923310778e-05
तलब,5,0.0001225850740413847
बके,1,2.4517014808276945e-05
कान,2,4.903402961655389e-05
डरा,3,7.355104442483083e-05
खौफ,3,7.355104442483083e-05
डरी,1,2.4517014808276945e-05
ओएस,2,4.903402961655389e-05
मिड,1,2.4517014808276945e-05
रैम,3,7.355104442483083e-05
रैप,2,4.903402961655389e-05
खाए,2,4.903402961655389e-05
अता,1,2.4517014808276945e-05
गीत,4,9.806805923310778e-05
करो,2,4.903402961655389e-05
औरत,4,9.806805923310778e-05
छलक,2,4.903402961655389e-05
एएम,2,4.903402961655389e-05
कथन,1,2.4517014808276945e-05
दवे,2,4.903402961655389e-05
अदन,2,4.903402961655389e-05
बिन,3,7.355104442483083e-05
पोप,1,2.4517014808276945e-05
मोल,2,4.903402961655389e-05
भगा,1,2.4517014808276945e-05
दया,27,0.0006619593998234775
अभय,3,7.355104442483083e-05
उबर,2,4.903402961655389e-05
डाक,8,0.00019613611846621556
खफा,2,4.903402961655389e-05
लदी,1,2.4517014808276945e-05
उधर,4,9.806805923310778e-05
चैक,1,2.4517014808276945e-05
रेत,1,2.4517014808276945e-05
यंग,9,0.0002206531332744925
बोस,14,0.00034323820731587724
अचल,2,4.903402961655389e-05
वाम,5,0.0001225850740413847
उषा,3,7.355104442483083e-05
मौन,1,2.4517014808276945e-05
कपः,1,2.4517014808276945e-05
औसत,6,0.00014710208884966165
कूल,1,2.4517014808276945e-05
शेन,3,7.355104442483083e-05
जनक,1,2.4517014808276945e-05
गाह,1,2.4517014808276945e-05
बीए,1,2.4517014808276945e-05
एमए,2,4.903402961655389e-05
फिल,1,2.4517014808276945e-05
दवा,6,0.00014710208884966165
रोग,5,0.0001225850740413847
टिक,8,0.00019613611846621556
कनु,2,4.903402961655389e-05
जूझ,8,0.00019613611846621556
चिल,1,2.4517014808276945e-05
भाव,2,4.903402961655389e-05
पेण,2,4.903402961655389e-05
दफन,2,4.903402961655389e-05
फुट,3,7.355104442483083e-05
गेम,10,0.0002451701480827694
वीं,2,4.903402961655389e-05
चुन,2,4.903402961655389e-05
इतर,1,2.4517014808276945e-05
नीत,1,2.4517014808276945e-05
जरा,3,7.355104442483083e-05
हिल,1,2.4517014808276945e-05
नबी,3,7.355104442483083e-05
सिक,4,9.806805923310778e-05
फेक,9,0.0002206531332744925
मिग,1,2.4517014808276945e-05
सूद,7,0.00017161910365793862
टनल,3,7.355104442483083e-05
जिद,3,7.355104442483083e-05
उलझ,1,2.4517014808276945e-05
माय,11,0.00026968716289104636
बसे,4,9.806805923310778e-05
ओवल,2,4.903402961655389e-05
लाई,3,7.355104442483083e-05
कथा,8,0.00019613611846621556
रईस,5,0.0001225850740413847
सटा,1,2.4517014808276945e-05
टूर,1,2.4517014808276945e-05
हरा,6,0.00014710208884966165
खैर,1,2.4517014808276945e-05
परे,2,4.903402961655389e-05
खाक,1,2.4517014808276945e-05
भनक,1,2.4517014808276945e-05
मेक,5,0.0001225850740413847
पोत,3,7.355104442483083e-05
खरा,1,2.4517014808276945e-05
ढील,1,2.4517014808276945e-05
माल,3,7.355104442483083e-05
पीट,1,2.4517014808276945e-05
फनी,1,2.4517014808276945e-05
सुई,1,2.4517014808276945e-05
कवच,6,0.00014710208884966165
बची,3,7.355104442483083e-05
पनप,1,2.4517014808276945e-05
दशा,1,2.4517014808276945e-05
कतर,1,2.4517014808276945e-05
थीम,1,2.4517014808276945e-05
कमल,4,9.806805923310778e-05
डगर,1,2.4517014808276945e-05
डटा,1,2.4517014808276945e-05
चाप,2,4.903402961655389e-05
वसा,1,2.4517014808276945e-05
आलम,3,7.355104442483083e-05
टले,1,2.4517014808276945e-05
फैज,2,4.903402961655389e-05
शरद,5,0.0001225850740413847
ऋतु,1,2.4517014808276945e-05
टिम,4,9.806805923310778e-05
केन,3,7.355104442483083e-05
भगत,3,7.355104442483083e-05
गडग,5,0.0001225850740413847
तरस,1,2.4517014808276945e-05
चोर,3,7.355104442483083e-05
उठी,4,9.806805923310778e-05
रौब,1,2.4517014808276945e-05
ओपन,5,0.0001225850740413847
अपी,1,2.4517014808276945e-05
डोर,1,2.4517014808276945e-05
भूख,4,9.806805923310778e-05
डीप,1,2.4517014808276945e-05
आइस,1,2.4517014808276945e-05
मैट,1,2.4517014808276945e-05
सूट,1,2.4517014808276945e-05
अनु,2,4.903402961655389e-05
एली,1,2.4517014808276945e-05
वंश,2,4.903402961655389e-05
बाग,13,0.0003187211925076003
कौल,3,7.355104442483083e-05
पीच,1,2.4517014808276945e-05
फंस,7,0.00017161910365793862
तैफ,4,9.806805923310778e-05
गटर,2,4.903402961655389e-05
दार,2,4.903402961655389e-05
एमा,1,2.4517014808276945e-05
देय,1,2.4517014808276945e-05
जमे,4,9.806805923310778e-05
झुक,1,2.4517014808276945e-05
ताश,1,2.4517014808276945e-05
दबे,2,4.903402961655389e-05
आंच,1,2.4517014808276945e-05
आनी,1,2.4517014808276945e-05
मास,1,2.4517014808276945e-05
वेश,6,0.00014710208884966165
काश,2,4.903402961655389e-05
कोच,8,0.00019613611846621556
फेर,1,2.4517014808276945e-05
ताक,2,4.903402961655389e-05
ताख,1,2.4517014808276945e-05
झटक,2,4.903402961655389e-05
जलन,2,4.903402961655389e-05
जैम,1,2.4517014808276945e-05
उके,4,9.806805923310778e-05
समन,3,7.355104442483083e-05
वैट,17,0.00041678925174070807
आमद,1,2.4517014808276945e-05
किड,1,2.4517014808276945e-05
कटा,3,7.355104442483083e-05
रति,2,4.903402961655389e-05
बलि,2,4.903402961655389e-05
वास,1,2.4517014808276945e-05
सौर,2,4.903402961655389e-05
फजल,3,7.355104442483083e-05
डेम,2,4.903402961655389e-05
हीं,1,2.4517014808276945e-05
ढाक,1,2.4517014808276945e-05
पात,1,2.4517014808276945e-05
नाक,6,0.00014710208884966165
पेट,10,0.0002451701480827694
चेस,5,0.0001225850740413847
चाह,4,9.806805923310778e-05
लगन,1,2.4517014808276945e-05
डोल,1,2.4517014808276945e-05
करे,5,0.0001225850740413847
वधु,3,7.355104442483083e-05
यनी,1,2.4517014808276945e-05
चरम,2,4.903402961655389e-05
लेह,4,9.806805923310778e-05
नहर,1,2.4517014808276945e-05
बेग,1,2.4517014808276945e-05
बैग,12,0.0002942041776993233
नशा,1,2.4517014808276945e-05
तुक,1,2.4517014808276945e-05
इको,1,2.4517014808276945e-05
झलक,2,4.903402961655389e-05
चखे,1,2.4517014808276945e-05
बाय,2,4.903402961655389e-05
चैट,1,2.4517014808276945e-05
फिट,2,4.903402961655389e-05
साख,1,2.4517014808276945e-05
ओनर,1,2.4517014808276945e-05
वीक,6,0.00014710208884966165
तें,1,2.4517014808276945e-05
सिम,7,0.00017161910365793862
सीम,1,2.4517014808276945e-05
बीज,3,7.355104442483083e-05
पीस,1,2.4517014808276945e-05
ओला,9,0.0002206531332744925
कैब,12,0.0002942041776993233
दंश,1,2.4517014808276945e-05
पहन,1,2.4517014808276945e-05
फौज,3,7.355104442483083e-05
वली,7,0.00017161910365793862
नूर,7,0.00017161910365793862
चाट,1,2.4517014808276945e-05
पाप,1,2.4517014808276945e-05
फतह,1,2.4517014808276945e-05
उभर,3,7.355104442483083e-05
पते,2,4.903402961655389e-05
पुल,2,4.903402961655389e-05
तैश,2,4.903402961655389e-05
नाच,1,2.4517014808276945e-05
घोल,1,2.4517014808276945e-05
पाश,1,2.4517014808276945e-05
घोट,1,2.4517014808276945e-05
ठाक,1,2.4517014808276945e-05
एपी,3,7.355104442483083e-05
डेथ,2,4.903402961655389e-05
नेट,1,2.4517014808276945e-05
धीर,4,9.806805923310778e-05
लिप,1,2.4517014808276945e-05
योर,1,2.4517014808276945e-05
छिप,1,2.4517014808276945e-05
बगई,1,2.4517014808276945e-05
गरम,1,2.4517014808276945e-05
हैश,3,7.355104442483083e-05
टेप,1,2.4517014808276945e-05
कपर,1,2.4517014808276945e-05
फुल,2,4.903402961655389e-05
मीत,1,2.4517014808276945e-05
लेन,1,2.4517014808276945e-05
देन,1,2.4517014808276945e-05
छठे,3,7.355104442483083e-05
नजम,1,2.4517014808276945e-05
टाई,1,2.4517014808276945e-05
शोर,1,2.4517014808276945e-05
हाय,1,2.4517014808276945e-05
ओशो,18,0.000441306266548985
जहन,1,2.4517014808276945e-05
ताओ,1,2.4517014808276945e-05
हैव,1,2.4517014808276945e-05
रीड,1,2.4517014808276945e-05
मंे,2,4.903402961655389e-05
सेे,1,2.4517014808276945e-05
ओमा,1,2.4517014808276945e-05
थका,1,2.4517014808276945e-05
हैक,10,0.0002451701480827694
मूड,2,4.903402961655389e-05
जाओ,2,4.903402961655389e-05
थमी,1,2.4517014808276945e-05
आफत,1,2.4517014808276945e-05
पवई,1,2.4517014808276945e-05
शीव,1,2.4517014808276945e-05
खनक,1,2.4517014808276945e-05
डाओ,2,4.903402961655389e-05
लास,1,2.4517014808276945e-05
खोई,1,2.4517014808276945e-05
गिव,1,2.4517014808276945e-05
घात,2,4.903402961655389e-05
छाए,1,2.4517014808276945e-05
खोए,1,2.4517014808276945e-05
आबे,2,4.903402961655389e-05
कोब,1,2.4517014808276945e-05
हरे,2,4.903402961655389e-05
टीस,3,7.355104442483083e-05
वें,1,2.4517014808276945e-05
पेन,1,2.4517014808276945e-05
हाइ,1,2.4517014808276945e-05
अंग,1,2.4517014808276945e-05
सधे,1,2.4517014808276945e-05
ननद,1,2.4517014808276945e-05
सीओ,1,2.4517014808276945e-05
एसओ,4,9.806805923310778e-05
दाई,2,4.903402961655389e-05
अबब,1,2.4517014808276945e-05
विल,1,2.4517014808276945e-05
विन,1,2.4517014808276945e-05
लंच,1,2.4517014808276945e-05
तकः,3,7.355104442483083e-05
काई,1,2.4517014808276945e-05
आदम,1,2.4517014808276945e-05
ईगल,1,2.4517014808276945e-05
रेव,1,2.4517014808276945e-05
सउद,1,2.4517014808276945e-05
बेन,8,0.00019613611846621556
कैच,4,9.806805923310778e-05
लेग,6,0.00014710208884966165
वां,1,2.4517014808276945e-05
कुक,2,4.903402961655389e-05
शतक,2,4.903402961655389e-05
हरण,1,2.4517014808276945e-05
पौश,1,2.4517014808276945e-05
जेए,1,2.4517014808276945e-05
एआर,1,2.4517014808276945e-05
जहर,6,0.00014710208884966165
बीन,1,2.4517014808276945e-05
एलन,1,2.4517014808276945e-05
लिन,1,2.4517014808276945e-05
ईबे,1,2.4517014808276945e-05
फार,1,2.4517014808276945e-05
पिच,2,4.903402961655389e-05
समा,1,2.4517014808276945e-05
पैड,1,2.4517014808276945e-05
उछल,1,2.4517014808276945e-05
रोस,1,2.4517014808276945e-05
एडम,1,2.4517014808276945e-05
टैब,7,0.00017161910365793862
चखा,1,2.4517014808276945e-05
आरा,1,2.4517014808276945e-05
बजा,2,4.903402961655389e-05
सुख,2,4.903402961655389e-05
नेक,2,4.903402961655389e-05
लघु,2,4.903402961655389e-05
वचन,1,2.4517014808276945e-05
हंग,1,2.4517014808276945e-05
पेय,2,4.903402961655389e-05
कृष,1,2.4517014808276945e-05
ईगो,1,2.4517014808276945e-05
एंव,1,2.4517014808276945e-05
ऐपल,9,0.0002206531332744925
थोक,1,2.4517014808276945e-05
जया,8,0.00019613611846621556
बहे,1,2.4517014808276945e-05
रफी,1,2.4517014808276945e-05
ऊषा,1,2.4517014808276945e-05
किग,1,2.4517014808276945e-05
टीज,1,2.4517014808276945e-05
सिन,1,2.4517014808276945e-05
मैम,3,7.355104442483083e-05
सोए,1,2.4517014808276945e-05
मदन,1,2.4517014808276945e-05
खरे,1,2.4517014808276945e-05
छाप,1,2.4517014808276945e-05
लौह,1,2.4517014808276945e-05
मैप,1,2.4517014808276945e-05
पूल,2,4.903402961655389e-05
नाथ,2,4.903402961655389e-05
नीच,2,4.903402961655389e-05
आगा,1,2.4517014808276945e-05
सिह,1,2.4517014808276945e-05
कैप,1,2.4517014808276945e-05
कूद,1,2.4517014808276945e-05
मदल,1,2.4517014808276945e-05
छुआ,1,2.4517014808276945e-05
पाट,1,2.4517014808276945e-05
लैस,2,4.903402961655389e-05
नोक,1,2.4517014808276945e-05
पीक,1,2.4517014808276945e-05
एडी,1,2.4517014808276945e-05
नटी,1,2.4517014808276945e-05
ताज,1,2.4517014808276945e-05
कैन,1,2.4517014808276945e-05
भेद,1,2.4517014808276945e-05
छुप,1,2.4517014808276945e-05
ढाल,1,2.4517014808276945e-05
झील,1,2.4517014808276945e-05
माप,1,2.4517014808276945e-05
मेज,1,2.4517014808276945e-05
भेष,2,4.903402961655389e-05
नेत,1,2.4517014808276945e-05
चपत,1,2.4517014808276945e-05
सरी,1,2.4517014808276945e-05
नूह,1,2.4517014808276945e-05
ईडन,1,2.4517014808276945e-05
टला,1,2.4517014808276945e-05
एके,1,2.4517014808276945e-05
मैल,1,2.4517014808276945e-05
वहन,1,2.4517014808276945e-05
नाप,1,2.4517014808276945e-05
तौल,1,2.4517014808276945e-05
वतन,6,0.00014710208884966165
चूम,1,2.4517014808276945e-05
छपे,1,2.4517014808276945e-05
