trigram,frequency,probability
इंड,264,0.006814134166171953
अंड,19,0.0004904111710502542
अबस,41,0.001058255684897917
आईऔ,9,0.0002323000283922257
ईऔर,69,0.001780966884340397
औरम,204,0.005265467310223783
ईपु,22,0.0005678445138476628
एकट,34,0.0008775778850372971
एतै,25,0.0006452778566450714
इसट,24,0.0006194667423792685
इसी,193,0.004981545053299951
एभा,28,0.0007227111994424799
अपन,1279,0.03301241514596185
इसद,134,0.0034586893116175825
औरक,293,0.007562656479880236
इमब,7,0.00018067779986061998
उनअ,2,5.162222853160571e-05
अधि,335,0.008646723279043957
एइं,13,0.0003355444854554371
एंग,183,0.004723433910641922
एबा,16,0.0004129778282528457
एहै,329,0.00849185659344914
औरस,269,0.006943189737500968
आईन,28,0.0007227111994424799
ईने,41,0.001058255684897917
इसस,383,0.009885656763802493
इसब,292,0.007536845365614433
आने,155,0.004000722711199442
इंत,53,0.0013679890560875513
एजा,171,0.004413700539452288
आशं,32,0.0008259556565056914
अनु,238,0.00614304519526108
आईक,64,0.0016519113130113827
ईके,146,0.0037684226828072166
इसम,365,0.009421056707018042
एकव,93,0.0024004336267196653
आभा,7,0.00018067779986061998
इंच,14,0.00036135559972123995
एचड,9,0.0002323000283922257
औरआ,114,0.0029424670263015255
आजभ,12,0.00030973337118963423
इसक,818,0.021113491469426735
इसह,68,0.0017551557700745941
एलस,4,0.00010324445706321142
औरप,240,0.006194667423792685
उपल,24,0.0006194667423792685
इसफ,124,0.003200578168959554
इवट,1,2.5811114265802855e-05
उनक,958,0.024727047466639136
एसब,16,0.0004129778282528457
अला,177,0.004568567225047105
एबि,14,0.00036135559972123995
ईमे,101,0.002606922540846088
एडू,2,5.162222853160571e-05
अलए,2,5.162222853160571e-05
एलई,4,0.00010324445706321142
ईडी,21,0.0005420333995818599
इटह,18,0.0004646000567844514
औरइ,154,0.00397491159693364
एकक,122,0.0031489559404279483
उनल,19,0.0004904111710502542
आएग,28,0.0007227111994424799
एगा,188,0.004852489481970937
इनब,15,0.0003871667139870428
आरह,109,0.002813411454972511
उंड,40,0.0010324445706321142
अगर,195,0.005033167281831557
ओपि,9,0.0002323000283922257
अमर,59,0.0015228557416823683
आमआ,44,0.0011356890276953257
आदम,54,0.0013938001703533542
अका,63,0.0016261001987455798
एएक,69,0.001780966884340397
ईइं,6,0.00015486668559481711
ओरस,128,0.0033038226260227654
एता,8,0.00020648891412642284
एमक,54,0.0013938001703533542
आपन,41,0.001058255684897917
औरन,129,0.003329633740288568
एकफ,24,0.0006194667423792685
एचए,5,0.00012905557132901428
एसफ,4,0.00010324445706321142
एपा,24,0.0006194667423792685
ईसे,43,0.0011098779134295228
आंद,26,0.0006710889709108742
ओंक,267,0.006891567508969362
उसक,644,0.016622357587177037
आएह,28,0.0007227111994424799
एकम,115,0.002968278140567328
एंह,21,0.0005420333995818599
उसस,85,0.002193944712593243
आगे,125,0.003226389283225357
ऐसे,216,0.005575200681413417
इटद,3,7.743334279740856e-05
उतन,17,0.00043878894251864854
आपब,14,0.00036135559972123995
ओंस,35,0.0009033889993030999
आपए,7,0.00018067779986061998
एकअ,74,0.0019100224556694112
आकर,43,0.0011098779134295228
आपक,295,0.007614278708411842
आजह,12,0.00030973337118963423
एधर,3,7.743334279740856e-05
आवश,7,0.00018067779986061998
उनस,92,0.0023746225124538626
एरा,23,0.0005936556281134657
इनम,54,0.0013938001703533542
उठे,6,0.00015486668559481711
अपभ,2,5.162222853160571e-05
इसत,98,0.0025294891980486797
इंप,15,0.0003871667139870428
ईवि,19,0.0004904111710502542
असं,5,0.00012905557132901428
ईनह,31,0.0008001445422398885
ईदे,41,0.001058255684897917
एकि,54,0.0013938001703533542
इंज,25,0.0006452778566450714
अबभ,21,0.0005420333995818599
ऐसा,178,0.004594378339312908
अंत,138,0.003561933768680794
आशी,20,0.0005162222853160571
इसे,147,0.0037942337970730197
इसल,147,0.0037942337970730197
एका,73,0.0018842113414036083
ईनय,4,0.00010324445706321142
एमै,18,0.0004646000567844514
अलग,170,0.004387889425186486
एंक,22,0.0005678445138476628
औरल,73,0.0018842113414036083
एकह,210,0.0054203339958186
एदो,24,0.0006194667423792685
ईको,154,0.00397491159693364
उठा,155,0.004000722711199442
आपस,36,0.0009292001135689028
इला,229,0.005910745166868854
इजा,30,0.0007743334279740856
असल,123,0.003174767054693751
एकद,102,0.0026327336551118913
ईजै,4,0.00010324445706321142
एकस,176,0.004542756110781303
अगल,99,0.002555300312314483
आदे,83,0.002142322484061637
आहै,95,0.002452055855251271
ईफर,7,0.00018067779986061998
उसे,269,0.006943189737500968
उनव,1,2.5811114265802855e-05
अभी,162,0.004181400511060062
ईहै,458,0.011821490333737708
आखि,121,0.003123144826162145
अबत,105,0.0027101669979093
औरज,115,0.002968278140567328
उसप,53,0.0013679890560875513
ईअम,4,0.00010324445706321142
अमल,8,0.00020648891412642284
ईमत,1,2.5811114265802855e-05
एमे,22,0.0005678445138476628
एंर,5,0.00012905557132901428
आदस,2,5.162222853160571e-05
एकश,59,0.0015228557416823683
एंम,9,0.0002323000283922257
औरश,88,0.0022713780553906514
एआठ,1,2.5811114265802855e-05
आठघ,2,5.162222853160571e-05
अभि,226,0.0058333118240714455
इसइ,10,0.00025811114265802856
आजा,48,0.001238933484758537
औरख,44,0.0011356890276953257
ओंम,42,0.0010840667991637199
ईबा,76,0.001961644684201017
औरउ,316,0.008156312107993701
आएऔ,8,0.00020648891412642284
एऔर,89,0.002297189169656454
एकख,22,0.0005678445138476628
ऊपर,32,0.0008259556565056914
उपच,30,0.0007743334279740856
असर,40,0.0010324445706321142
आजत,52,0.0013421779418217484
आतं,365,0.009421056707018042
ओंप,28,0.0007227111994424799
एजे,79,0.0020390780269984254
एनआ,46,0.0011873112562269313
आईए,87,0.0022455669411248482
ईएन,15,0.0003871667139870428
एने,19,0.0004904111710502542
ईमख,3,7.743334279740856e-05
इसज,26,0.0006710889709108742
ईएक,25,0.0006452778566450714
एको,25,0.0006452778566450714
एअप,42,0.0010840667991637199
औरअ,232,0.005988178509666263
ईगै,3,7.743334279740856e-05
औरह,89,0.002297189169656454
एपै,3,7.743334279740856e-05
अशा,3,7.743334279740856e-05
एरख,11,0.0002839222569238314
एहो,16,0.0004129778282528457
आसि,25,0.0006452778566450714
अंद,107,0.0027617892264409053
एइन,9,0.0002323000283922257
औरद,135,0.0034845004258833856
आरो,545,0.014067057274862555
ईकर,76,0.001961644684201017
एजम,3,7.743334279740856e-05
आसप,35,0.0009033889993030999
ईचौ,3,7.743334279740856e-05
ईएस,42,0.0010840667991637199
एसू,2,5.162222853160571e-05
इनद,50,0.0012905557132901428
आधा,90,0.0023230002839222568
उलइ,1,2.5811114265802855e-05
अबइ,31,0.0008001445422398885
इनप,40,0.0010324445706321142
औरट,37,0.0009550112278347056
ईजा,81,0.002090700255530031
एदि,30,0.0007743334279740856
उनप,45,0.0011615001419611284
उकस,10,0.00025811114265802856
एसु,15,0.0003871667139870428
एनक,27,0.0006969000851766771
उंट,80,0.0020648891412642285
ईदि,44,0.0011356890276953257
एपत,6,0.00015486668559481711
ईतक,16,0.0004129778282528457
ईजो,4,0.00010324445706321142
आंक,52,0.0013421779418217484
एगए,189,0.004878300596236739
एकब,216,0.005575200681413417
अनं,16,0.0004129778282528457
अरव,34,0.0008775778850372971
आदि,52,0.0013421779418217484
ईखत,1,2.5811114265802855e-05
इसप,173,0.004465322767983894
इनह,14,0.00036135559972123995
एंब,15,0.0003871667139870428
एकी,31,0.0008001445422398885
ईएज,3,7.743334279740856e-05
एजि,20,0.0005162222853160571
औरग,67,0.0017293446558087912
ईफल,2,5.162222853160571e-05
एंट,54,0.0013938001703533542
औरब,216,0.005575200681413417
इबर,21,0.0005420333995818599
एबह,10,0.00025811114265802856
एभी,41,0.001058255684897917
आती,40,0.0010324445706321142
एसई,7,0.00018067779986061998
अंक,25,0.0006452778566450714
एनए,47,0.0012131223704927342
आया,146,0.0037684226828072166
आईह,31,0.0008001445422398885
ईवा,24,0.0006194667423792685
ईरे,3,7.743334279740856e-05
औरत,73,0.0018842113414036083
एले,14,0.00036135559972123995
अंज,69,0.001780966884340397
आउट,42,0.0010840667991637199
उटर,3,7.743334279740856e-05
आता,37,0.0009550112278347056
एऐस,5,0.00012905557132901428
इसऐ,2,5.162222853160571e-05
ऐसी,91,0.00234881139818806
अपम,23,0.0005936556281134657
उछा,4,0.00010324445706321142
ईले,17,0.00043878894251864854
आसी,2,5.162222853160571e-05
आरत,24,0.0006194667423792685
अबश,8,0.00020648891412642284
एकप,126,0.0032522003974911596
ईथी,274,0.007072245308829982
औरर,132,0.0034070670830859766
इसव,94,0.0024262447409854684
अली,103,0.002658544769377694
ऊमे,19,0.0004904111710502542
आठन,1,2.5811114265802855e-05
ऊका,2,5.162222853160571e-05
एकइ,35,0.0009033889993030999
इंट,101,0.002606922540846088
आहत,9,0.0002323000283922257
ऊंग,6,0.00015486668559481711
एआम,4,0.00010324445706321142
आमं,11,0.0002839222569238314
अखि,64,0.0016519113130113827
एकन,90,0.0023230002839222568
अबउ,33,0.0008517667707714942
एजो,14,0.00036135559972123995
उभर,8,0.00020648891412642284
औरच,59,0.0015228557416823683
एपौ,1,2.5811114265802855e-05
एकऔ,43,0.0011098779134295228
इतन,121,0.003123144826162145
आतु,5,0.00012905557132901428
आपद,24,0.0006194667423792685
ओंऔ,16,0.0004129778282528457
ईपर,18,0.0004646000567844514
एकर,61,0.0015744779702139742
उखा,3,7.743334279740856e-05
आमच,8,0.00020648891412642284
आसन,3,7.743334279740856e-05
औरभ,64,0.0016519113130113827
इसघ,45,0.0011615001419611284
आलो,30,0.0007743334279740856
एउन,72,0.0018584002271378056
एमस,84,0.0021681335983274397
औरछ,19,0.0004904111710502542
एलो,19,0.0004904111710502542
एकऐ,26,0.0006710889709108742
अमि,99,0.002555300312314483
ईरा,61,0.0015744779702139742
उसी,49,0.0012647445990243398
ईतो,24,0.0006194667423792685
एदृ,1,2.5811114265802855e-05
एतब,3,7.743334279740856e-05
एमम,95,0.002452055855251271
अबम,28,0.0007227111994424799
आएब,9,0.0002323000283922257
एबं,2,5.162222853160571e-05
अंध,10,0.00025811114265802856
आंत,9,0.0002323000283922257
उपभ,3,7.743334279740856e-05
अबक,31,0.0008001445422398885
अगस,42,0.0010840667991637199
एथा,17,0.00043878894251864854
एकच,22,0.0005678445138476628
ओनो,4,0.00010324445706321142
अके,30,0.0007743334279740856
आवा,62,0.001600289084479777
ईहो,34,0.0008775778850372971
ईटी,34,0.0008775778850372971
आइए,14,0.00036135559972123995
इएम,1,2.5811114265802855e-05
एटक,2,5.162222853160571e-05
एगी,100,0.0025811114265802855
इनस,70,0.0018067779986061998
अटक,18,0.0004646000567844514
ईबड,11,0.0002839222569238314
एटी,33,0.0008517667707714942
उनम,18,0.0004646000567844514
एकभ,20,0.0005162222853160571
एउम,7,0.00018067779986061998
एहम,28,0.0007227111994424799
ओजस,1,2.5811114265802855e-05
ईसब,7,0.00018067779986061998
इनअ,7,0.00018067779986061998
अफव,24,0.0006194667423792685
अहम,142,0.0036651782257440054
इनक,149,0.0038458560256046256
अचा,30,0.0007743334279740856
उभा,2,5.162222853160571e-05
औरव,178,0.004594378339312908
एपि,15,0.0003871667139870428
ओरर,4,0.00010324445706321142
आशा,10,0.00025811114265802856
एजन,1,2.5811114265802855e-05
एहर,9,0.0002323000283922257
उबा,3,7.743334279740856e-05
ईहु,10,0.00025811114265802856
अपी,61,0.0015744779702139742
आएं,66,0.0017035335415429883
ईलो,25,0.0006452778566450714
आजस,25,0.0006452778566450714
एपं,4,0.00010324445706321142
एकत,82,0.002116511369795834
उपम,18,0.0004646000567844514
एवं,42,0.0010840667991637199
ईजग,15,0.0003871667139870428
अजय,19,0.0004904111710502542
अनस,4,0.00010324445706321142
ईका,56,0.0014454223988849598
आठव,6,0.00015486668559481711
एना,17,0.00043878894251864854
आदर,20,0.0005162222853160571
ओपन,8,0.00020648891412642284
एयह,34,0.0008775778850372971
ओमर,1,2.5811114265802855e-05
उतक,1,2.5811114265802855e-05
एकओ,14,0.00036135559972123995
ओरअ,1,2.5811114265802855e-05
अपव,2,5.162222853160571e-05
एथे,178,0.004594378339312908
अमृ,10,0.00025811114265802856
ईनज,3,7.743334279740856e-05
आगई,27,0.0006969000851766771
अपो,12,0.00030973337118963423
आतक,28,0.0007227111994424799
आईं,20,0.0005162222853160571
इफक,15,0.0003871667139870428
एसन,11,0.0002839222569238314
एसक,52,0.0013421779418217484
एएस,11,0.0002839222569238314
एसप,67,0.0017293446558087912
औरए,86,0.0022197558268590455
आईज,16,0.0004129778282528457
ईजी,13,0.0003355444854554371
असी,7,0.00018067779986061998
अरु,23,0.0005936556281134657
उडर,7,0.00018067779986061998
अबद,17,0.00043878894251864854
अंग,38,0.0009808223421005084
अखब,18,0.0004646000567844514
इवर,33,0.0008517667707714942
एलर,6,0.00015486668559481711
आजि,13,0.0003355444854554371
एरि,7,0.00018067779986061998
इंक,14,0.00036135559972123995
आकि,13,0.0003355444854554371
उसद,14,0.00036135559972123995
एईय,1,2.5811114265802855e-05
ईया,15,0.0003871667139870428
अरब,14,0.00036135559972123995
अमी,11,0.0002839222569238314
इंद,34,0.0008775778850372971
एईक,3,7.743334279740856e-05
अमे,219,0.005652634024210825
इसय,18,0.0004646000567844514
एयू,9,0.0002323000283922257
एईस,1,2.5811114265802855e-05
ईसर,12,0.00030973337118963423
औरड,49,0.0012647445990243398
एकथ,4,0.00010324445706321142
एईभ,1,2.5811114265802855e-05
ईभी,58,0.0014970446274165656
एशख,3,7.743334279740856e-05
एवे,8,0.00020648891412642284
एमौ,2,5.162222853160571e-05
ईजब,7,0.00018067779986061998
ईकी,103,0.002658544769377694
एमब,16,0.0004129778282528457
उसश,8,0.00020648891412642284
ईजि,17,0.00043878894251864854
आरआ,2,5.162222853160571e-05
आजम,28,0.0007227111994424799
अधी,21,0.0005420333995818599
उपा,47,0.0012131223704927342
उधर,13,0.0003355444854554371
एकज,43,0.0011098779134295228
एयर,100,0.0025811114265802855
एरु,2,5.162222853160571e-05
ओरज,8,0.00020648891412642284
एसा,23,0.0005936556281134657
आथा,77,0.00198745579846682
अदा,102,0.0026327336551118913
अशो,32,0.0008259556565056914
अरो,5,0.00012905557132901428
एसं,10,0.00025811114265802856
आंध,19,0.0004904111710502542
असम,37,0.0009550112278347056
ऊऔर,2,5.162222853160571e-05
ईआत,7,0.00018067779986061998
इलि,4,0.00010324445706321142
अबर,16,0.0004129778282528457
इनर,19,0.0004904111710502542
एबम,4,0.00010324445706321142
इनघ,8,0.00020648891412642284
आरए,24,0.0006194667423792685
एसए,82,0.002116511369795834
एसऔ,3,7.743334279740856e-05
एचप,15,0.0003871667139870428
एसआ,34,0.0008775778850372971
आईस,19,0.0004904111710502542
एदं,2,5.162222853160571e-05
ईगई,56,0.0014454223988849598
उसव,40,0.0010324445706321142
अकर,1,2.5811114265802855e-05
अमज,1,2.5811114265802855e-05
अकी,1,2.5811114265802855e-05
ईहत,3,7.743334279740856e-05
एभे,12,0.00030973337118963423
ईकि,23,0.0005936556281134657
ईसा,31,0.0008001445422398885
आजी,7,0.00018067779986061998
इरश,1,2.5811114265802855e-05
आधि,18,0.0004646000567844514
ईबच,2,5.162222853160571e-05
ईंट,6,0.00015486668559481711
एकआ,54,0.0013938001703533542
एतक,3,7.743334279740856e-05
एदर,2,5.162222853160571e-05
ईदर,4,0.00010324445706321142
एकल,58,0.0014970446274165656
इरा,20,0.0005162222853160571
एबद,10,0.00025811114265802856
इकस,6,0.00015486668559481711
अगव,31,0.0008001445422398885
उपन,17,0.00043878894251864854
आइल,2,5.162222853160571e-05
इलै,1,2.5811114265802855e-05
एफआ,19,0.0004904111710502542
आईआ,34,0.0008775778850372971
ईआर,33,0.0008517667707714942
अरे,8,0.00020648891412642284
ईघट,5,0.00012905557132901428
एकग,34,0.0008775778850372971
ओंन,41,0.001058255684897917
एआर,17,0.00043878894251864854
आगा,22,0.0005678445138476628
ईशु,11,0.0002839222569238314
अधम,1,2.5811114265802855e-05
ईअन,8,0.00020648891412642284
उंग,5,0.00012905557132901428
आपत,12,0.00030973337118963423
इसग,41,0.001058255684897917
एनज,26,0.0006710889709108742
ओका,1,2.5811114265802855e-05
एजर,11,0.0002839222569238314
एति,3,7.743334279740856e-05
ईएं,1,2.5811114265802855e-05
इंग,61,0.0015744779702139742
उसइ,2,5.162222853160571e-05
एसर,31,0.0008001445422398885
एंड,48,0.001238933484758537
ईबै,8,0.00020648891412642284
इंश,13,0.0003355444854554371
आलि,55,0.0014196112846191571
इसआ,30,0.0007743334279740856
एजग,3,7.743334279740856e-05
इकि,11,0.0002839222569238314
ईमि,8,0.00020648891412642284
एजब,4,0.00010324445706321142
आईउ,3,7.743334279740856e-05
ईउन,5,0.00012905557132901428
इंस,117,0.003019900369098934
एदे,19,0.0004904111710502542
इनल,26,0.0006710889709108742
एसभ,12,0.00030973337118963423
एमअ,9,0.0002323000283922257
एसी,29,0.0007485223137082828
उनब,4,0.00010324445706321142
एनि,30,0.0007743334279740856
एमत,8,0.00020648891412642284
औरओ,5,0.00012905557132901428
ओमक,1,2.5811114265802855e-05
उता,53,0.0013679890560875513
एलड,6,0.00015486668559481711
एलप,2,5.162222853160571e-05
एरी,3,7.743334279740856e-05
ईडि,3,7.743334279740856e-05
ऐपस,4,0.00010324445706321142
एपर,24,0.0006194667423792685
ईहम,10,0.00025811114265802856
इति,26,0.0006710889709108742
आसम,7,0.00018067779986061998
ओरझ,2,5.162222853160571e-05
एबे,17,0.00043878894251864854
आइड,9,0.0002323000283922257
इडि,14,0.00036135559972123995
एसस,31,0.0008001445422398885
एउस,25,0.0006452778566450714
उसम,43,0.0011098779134295228
आमक,3,7.743334279740856e-05
असह,8,0.00020648891412642284
एनह,11,0.0002839222569238314
ईचा,3,7.743334279740856e-05
अबय,16,0.0004129778282528457
उपय,7,0.00018067779986061998
एइस,38,0.0009808223421005084
अजम,3,7.743334279740856e-05
औरफ,97,0.002503678083782877
उपग,8,0.00020648891412642284
एपू,17,0.00043878894251864854
इसर,36,0.0009292001135689028
एलव,3,7.743334279740856e-05
एनट,1,2.5811114265802855e-05
औरय,82,0.002116511369795834
एमा,25,0.0006452778566450714
एकघ,13,0.0003355444854554371
आनन,3,7.743334279740856e-05
एपो,3,7.743334279740856e-05
एभि,2,5.162222853160571e-05
एमन,60,0.0015486668559481713
आपह,12,0.00030973337118963423
एंत,11,0.0002839222569238314
ओंभ,2,5.162222853160571e-05
उतर,36,0.0009292001135689028
ऐला,42,0.0010840667991637199
इसए,13,0.0003355444854554371
एजह,2,5.162222853160571e-05
ईशा,18,0.0004646000567844514
इमल,5,0.00012905557132901428
इटच,1,2.5811114265802855e-05
अफे,12,0.00030973337118963423
आंख,30,0.0007743334279740856
अपह,47,0.0012131223704927342
ईअत,5,0.00012905557132901428
अतु,15,0.0003871667139870428
ईदू,10,0.00025811114265802856
उनद,8,0.00020648891412642284
ईकस,2,5.162222853160571e-05
ईमा,21,0.0005420333995818599
आईप,51,0.0013163668275559457
ईपी,53,0.0013679890560875513
आपर,25,0.0006452778566450714
ईंत,3,7.743334279740856e-05
ईबद,9,0.0002323000283922257
उचि,10,0.00025811114265802856
एअह,2,5.162222853160571e-05
एफर,6,0.00015486668559481711
आगए,14,0.00036135559972123995
इमे,4,0.00010324445706321142
एंऔ,13,0.0003355444854554371
आचु,11,0.0002839222569238314
आसा,41,0.001058255684897917
अलइ,1,2.5811114265802855e-05
इफे,4,0.00010324445706321142
इंव,1,2.5811114265802855e-05
इटक,19,0.0004904111710502542
एशु,2,5.162222853160571e-05
उथस,2,5.162222853160571e-05
अवत,8,0.00020648891412642284
अंब,22,0.0005678445138476628
एहु,21,0.0005420333995818599
आटा,3,7.743334279740856e-05
एतो,31,0.0008001445422398885
उथई,3,7.743334279740856e-05
अति,26,0.0006710889709108742
आईट,28,0.0007227111994424799
ओडि,12,0.00030973337118963423
उसन,135,0.0034845004258833856
एमए,37,0.0009550112278347056
आवं,3,7.743334279740856e-05
अनो,9,0.0002323000283922257
एची,5,0.00012905557132901428
आयी,3,7.743334279740856e-05
अवै,33,0.0008517667707714942
इमा,46,0.0011873112562269313
इरफ,13,0.0003355444854554371
ईअप,3,7.743334279740856e-05
एलए,14,0.00036135559972123995
एचइ,1,2.5811114265802855e-05
अबअ,9,0.0002323000283922257
आठस,3,7.743334279740856e-05
ईपू,7,0.00018067779986061998
अबप,25,0.0006452778566450714
एडा,31,0.0008001445422398885
ईनप,1,2.5811114265802855e-05
आरक,40,0.0010324445706321142
एके,39,0.0010066334563663113
एलि,25,0.0006452778566450714
एटर,7,0.00018067779986061998
आरज,36,0.0009292001135689028
ईगा,7,0.00018067779986061998
एआख,2,5.162222853160571e-05
अवस,23,0.0005936556281134657
एसि,15,0.0003871667139870428
ऐति,13,0.0003355444854554371
एरव,7,0.00018067779986061998
आतम,11,0.0002839222569238314
अनि,44,0.0011356890276953257
एकू,1,2.5811114265802855e-05
इकप,16,0.0004129778282528457
एनय,36,0.0009292001135689028
एकछ,23,0.0005936556281134657
ईलड,16,0.0004129778282528457
एगे,1,2.5811114265802855e-05
आपव,3,7.743334279740856e-05
अफज,4,0.00010324445706321142
एशा,11,0.0002839222569238314
एइव,1,2.5811114265802855e-05
इवे,36,0.0009292001135689028
ईअव,2,5.162222853160571e-05
इजर,10,0.00025811114265802856
असफ,8,0.00020648891412642284
एबग,4,0.00010324445706321142
इमस,6,0.00015486668559481711
ईमौ,6,0.00015486668559481711
आशव,4,0.00010324445706321142
एकय,44,0.0011356890276953257
एशव,1,2.5811114265802855e-05
आएद,3,7.743334279740856e-05
आमह,2,5.162222853160571e-05
इनव,11,0.0002839222569238314
ईअह,5,0.00012905557132901428
आतज,1,2.5811114265802855e-05
इटे,7,0.00018067779986061998
एजी,5,0.00012905557132901428
इसच,11,0.0002839222569238314
ईनी,2,5.162222853160571e-05
ओरल,4,0.00010324445706321142
ईआई,12,0.00030973337118963423
ईएम,11,0.0002839222569238314
एमऔ,3,7.743334279740856e-05
इनय,8,0.00020648891412642284
आयो,106,0.0027359781121751026
अजि,4,0.00010324445706321142
एनस,28,0.0007227111994424799
अटै,13,0.0003355444854554371
ईअड,15,0.0003871667139870428
आना,21,0.0005420333995818599
इसन,38,0.0009808223421005084
अने,5,0.00012905557132901428
आऔर,14,0.00036135559972123995
एथी,4,0.00010324445706321142
ईतथ,1,2.5811114265802855e-05
इटर,7,0.00018067779986061998
उपक,9,0.0002323000283922257
एली,3,7.743334279740856e-05
ईसव,2,5.162222853160571e-05
आमल,14,0.00036135559972123995
एसम,10,0.00025811114265802856
एसौ,1,2.5811114265802855e-05
एलू,3,7.743334279740856e-05
एफन,5,0.00012905557132901428
ईदु,6,0.00015486668559481711
इनऔ,2,5.162222853160571e-05
एफक,17,0.00043878894251864854
एंइ,3,7.743334279740856e-05
ईना,7,0.00018067779986061998
इलस,7,0.00018067779986061998
ईइन,7,0.00018067779986061998
इटइ,4,0.00010324445706321142
एसे,14,0.00036135559972123995
इसश,29,0.0007485223137082828
आजक,23,0.0005936556281134657
उसग,3,7.743334279740856e-05
उसड,3,7.743334279740856e-05
ओवर,32,0.0008259556565056914
ईछो,2,5.162222853160571e-05
आपम,11,0.0002839222569238314
ऊदइ,2,5.162222853160571e-05
ऊदऔ,2,5.162222853160571e-05
ऊदक,2,5.162222853160571e-05
आईथ,30,0.0007743334279740856
एफि,6,0.00015486668559481711
आजउ,3,7.743334279740856e-05
एये,20,0.0005162222853160571
उठच,1,2.5811114265802855e-05
एअब,9,0.0002323000283922257
अबब,20,0.0005162222853160571
ऊःस,1,2.5811114265802855e-05
एशन,20,0.0005162222853160571
एवि,35,0.0009033889993030999
आजो,1,2.5811114265802855e-05
उसर,7,0.00018067779986061998
अबज,15,0.0003871667139870428
एबत,10,0.00025811114265802856
आईत,7,0.00018067779986061998
अफस,28,0.0007227111994424799
अबन,16,0.0004129778282528457
ईदी,19,0.0004904111710502542
ओहद,1,2.5811114265802855e-05
अपर,75,0.0019358335699352141
आएथ,23,0.0005936556281134657
एयु,5,0.00012905557132901428
उलट,10,0.00025811114265802856
एलग,7,0.00018067779986061998
इजह,5,0.00012905557132901428
अंस,9,0.0002323000283922257
आगल,11,0.0002839222569238314
एनत,1,2.5811114265802855e-05
एवी,2,5.162222853160571e-05
एअर,6,0.00015486668559481711
एहस,9,0.0002323000283922257
आरच,1,2.5811114265802855e-05
इएब,1,2.5811114265802855e-05
एही,9,0.0002323000283922257
एधृ,1,2.5811114265802855e-05
आरम,12,0.00030973337118963423
उनच,2,5.162222853160571e-05
एचा,10,0.00025811114265802856
उठक,5,0.00012905557132901428
आते,50,0.0012905557132901428
आगय,16,0.0004129778282528457
एवह,13,0.0003355444854554371
अपू,19,0.0004904111710502542
एअं,4,0.00010324445706321142
ईअर,3,7.743334279740856e-05
एनड,25,0.0006452778566450714
ईदो,4,0.00010324445706321142
एपु,14,0.00036135559972123995
इका,6,0.00015486668559481711
आसब,2,5.162222853160571e-05
उदय,5,0.00012905557132901428
आनं,31,0.0008001445422398885
इटल,11,0.0002839222569238314
अपा,3,7.743334279740856e-05
आशि,12,0.00030973337118963423
आली,3,7.743334279740856e-05
इकर,6,0.00015486668559481711
ईहस,1,2.5811114265802855e-05
आमि,28,0.0007227111994424799
इसड,4,0.00010324445706321142
एइट,1,2.5811114265802855e-05
एकए,16,0.0004129778282528457
आमप,2,5.162222853160571e-05
उमे,11,0.0002839222569238314
एटे,4,0.00010324445706321142
इलफ,12,0.00030973337118963423
आका,10,0.00025811114265802856
इनत,14,0.00036135559972123995
इलम,7,0.00018067779986061998
ईतर,12,0.00030973337118963423
इसख,24,0.0006194667423792685
एशि,15,0.0003871667139870428
ईखे,4,0.00010324445706321142
ईओल,1,2.5811114265802855e-05
ओलं,14,0.00036135559972123995
ओसी,15,0.0003871667139870428
एअध,7,0.00018067779986061998
अलफ,2,5.162222853160571e-05
अलस,3,7.743334279740856e-05
आमस,8,0.00020648891412642284
इनख,1,2.5811114265802855e-05
इमो,17,0.00043878894251864854
उसफ,8,0.00020648891412642284
इसअ,42,0.0010840667991637199
ईबे,7,0.00018067779986061998
ईला,6,0.00015486668559481711
अलव,16,0.0004129778282528457
ईमु,21,0.0005420333995818599
आरप,31,0.0008001445422398885
अलर,21,0.0005420333995818599
आईब,12,0.00030973337118963423
ईबी,11,0.0002839222569238314
एंप,11,0.0002839222569238314
इफस,2,5.162222853160571e-05
ईछा,2,5.162222853160571e-05
अटे,5,0.00012905557132901428
ईदौ,5,0.00012905557132901428
एशम,1,2.5811114265802855e-05
एआत,22,0.0005678445138476628
अगु,19,0.0004904111710502542
आईव,4,0.00010324445706321142
आहो,7,0.00018067779986061998
ऐंठ,2,5.162222853160571e-05
अबऐ,2,5.162222853160571e-05
आपउ,22,0.0005678445138476628
आपभ,6,0.00015486668559481711
उदा,13,0.0003355444854554371
एमु,16,0.0004129778282528457
आओह,1,2.5811114265802855e-05
ओहम,1,2.5811114265802855e-05
ओऔर,6,0.00015486668559481711
आपप,15,0.0003871667139870428
आही,2,5.162222853160571e-05
आएज,3,7.743334279740856e-05
इकक,27,0.0006969000851766771
इकम,2,5.162222853160571e-05
ओरक,2,5.162222853160571e-05
अजी,18,0.0004646000567844514
अतं,1,2.5811114265802855e-05
आपा,12,0.00030973337118963423
इमर,29,0.0007485223137082828
उमर,5,0.00012905557132901428
उटश,3,7.743334279740856e-05
अना,11,0.0002839222569238314
ईऐस,9,0.0002323000283922257
ओरप,2,5.162222853160571e-05
आएइ,3,7.743334279740856e-05
एलन,4,0.00010324445706321142
एबी,24,0.0006194667423792685
ओबी,4,0.00010324445706321142
एनौ,3,7.743334279740856e-05
आसक,13,0.0003355444854554371
ईंथ,5,0.00012905557132901428
एचि,4,0.00010324445706321142
इना,14,0.00036135559972123995
इटा,3,7.743334279740856e-05
ओमप,4,0.00010324445706321142
अटल,5,0.00012905557132901428
आला,19,0.0004904111710502542
एमप,13,0.0003355444854554371
एअग,5,0.00012905557132901428
एंज,10,0.00025811114265802856
ईजर,6,0.00015486668559481711
आतह,16,0.0004129778282528457
अबव,20,0.0005162222853160571
ईतु,3,7.743334279740856e-05
एगो,1,2.5811114265802855e-05
औरई,14,0.00036135559972123995
ईरी,1,2.5811114265802855e-05
एफै,4,0.00010324445706321142
इफप,1,2.5811114265802855e-05
एडि,19,0.0004904111710502542
ऋचा,1,2.5811114265802855e-05
उनर,2,5.162222853160571e-05
ओवै,31,0.0008001445422398885
एछह,3,7.743334279740856e-05
ईखा,5,0.00012905557132901428
एआई,10,0.00025811114265802856
एमआ,5,0.00012905557132901428
असद,6,0.00015486668559481711
उरी,21,0.0005420333995818599
आमन,10,0.00025811114265802856
एफह,1,2.5811114265802855e-05
ईसु,12,0.00030973337118963423
ईपे,2,5.162222853160571e-05
एतत,4,0.00010324445706321142
ओरभ,6,0.00015486668559481711
आपज,10,0.00025811114265802856
इटस,4,0.00010324445706321142
आईफ,7,0.00018067779986061998
ईफि,24,0.0006194667423792685
एपी,13,0.0003355444854554371
आजय,3,7.743334279740856e-05
ईकह,8,0.00020648891412642284
आजट,4,0.00010324445706321142
उथक,3,7.743334279740856e-05
अपऔ,3,7.743334279740856e-05
ईंह,6,0.00015486668559481711
एसो,20,0.0005162222853160571
ईचल,4,0.00010324445706321142
एबो,6,0.00015486668559481711
आईद,2,5.162222853160571e-05
एआज,3,7.743334279740856e-05
आजद,7,0.00018067779986061998
अलक,16,0.0004129778282528457
एकध,3,7.743334279740856e-05
इसध,9,0.0002323000283922257
एउज,2,5.162222853160571e-05
आये,8,0.00020648891412642284
ओया,1,2.5811114265802855e-05
ईटे,6,0.00015486668559481711
एअन,9,0.0002323000283922257
एलल,1,2.5811114265802855e-05
इलन,5,0.00012905557132901428
एलक,11,0.0002839222569238314
एखर,4,0.00010324445706321142
एसट,33,0.0008517667707714942
इलक,16,0.0004129778282528457
एकठ,2,5.162222853160571e-05
एडम,14,0.00036135559972123995
अरइ,1,2.5811114265802855e-05
आएल,1,2.5811114265802855e-05
इया,8,0.00020648891412642284
आभो,1,2.5811114265802855e-05
इटम,30,0.0007743334279740856
अथव,6,0.00015486668559481711
ईभा,2,5.162222853160571e-05
आएक,10,0.00025811114265802856
एएन,5,0.00012905557132901428
अबच,8,0.00020648891412642284
आएय,4,0.00010324445706321142
ईटक,1,2.5811114265802855e-05
एबड,9,0.0002323000283922257
आओग,6,0.00015486668559481711
ओगे,7,0.00018067779986061998
ईआक,1,2.5811114265802855e-05
इफर,1,2.5811114265802855e-05
एनो,3,7.743334279740856e-05
ओवी,2,5.162222853160571e-05
आतब,2,5.162222853160571e-05
एहा,8,0.00020648891412642284
इले,26,0.0006710889709108742
एपे,4,0.00010324445706321142
एबय,5,0.00012905557132901428
अधा,1,2.5811114265802855e-05
एमि,4,0.00010324445706321142
एनम,2,5.162222853160571e-05
आईख,1,2.5811114265802855e-05
ईखु,5,0.00012905557132901428
एंद,11,0.0002839222569238314
आमम,3,7.743334279740856e-05
अबह,9,0.0002323000283922257
आतस,8,0.00020648891412642284
ओकी,8,0.00020648891412642284
एकई,17,0.00043878894251864854
इमि,2,5.162222853160571e-05
ईऔप,1,2.5811114265802855e-05
औपच,3,7.743334279740856e-05
ओने,3,7.743334279740856e-05
ओको,1,2.5811114265802855e-05
ओंज,1,2.5811114265802855e-05
औरऐ,11,0.0002839222569238314
आरस,26,0.0006710889709108742
ईइल,4,0.00010324445706321142
इसभ,8,0.00020648891412642284
ईफा,14,0.00036135559972123995
आरओ,2,5.162222853160571e-05
ओनी,2,5.162222853160571e-05
ओभल,1,2.5811114265802855e-05
अपड,7,0.00018067779986061998
अपट,1,2.5811114265802855e-05
आरऔ,3,7.743334279740856e-05
ईगु,5,0.00012905557132901428
ईउड,2,5.162222853160571e-05
आईल,10,0.00025811114265802856
ईलक,2,5.162222853160571e-05
आरब,9,0.0002323000283922257
एमड,3,7.743334279740856e-05
उिस,1,2.5811114265802855e-05
ऐंड,3,7.743334279740856e-05
एनप,6,0.00015486668559481711
एअल,4,0.00010324445706321142
एसय,8,0.00020648891412642284
एसअ,12,0.00030973337118963423
आसं,1,2.5811114265802855e-05
औरध,14,0.00036135559972123995
उदी,2,5.162222853160571e-05
ओबा,6,0.00015486668559481711
ईयम,1,2.5811114265802855e-05
ईहब,1,2.5811114265802855e-05
एअस,5,0.00012905557132901428
असु,2,5.162222853160571e-05
उलम,1,2.5811114265802855e-05
अवि,9,0.0002323000283922257
इधर,7,0.00018067779986061998
एओव,3,7.743334279740856e-05
इसझ,1,2.5811114265802855e-05
इयो,23,0.0005936556281134657
आयु,33,0.0008517667707714942
ईसम,10,0.00025811114265802856
आजअ,3,7.743334279740856e-05
इफम,8,0.00020648891412642284
एकड,26,0.0006710889709108742
ईकप,2,5.162222853160571e-05
इटग,1,2.5811114265802855e-05
ईयर,6,0.00015486668559481711
ईहि,7,0.00018067779986061998
ओमश,2,5.162222853160571e-05
इरु,1,2.5811114265802855e-05
इंफ,3,7.743334279740856e-05
ईएल,2,5.162222853160571e-05
उपह,4,0.00010324445706321142
अपल,5,0.00012905557132901428
इटप,6,0.00015486668559481711
अपस,3,7.743334279740856e-05
उनग,1,2.5811114265802855e-05
एंभ,7,0.00018067779986061998
आजब,9,0.0002323000283922257
ईची,5,0.00012905557132901428
आएप,1,2.5811114265802855e-05
आजप,5,0.00012905557132901428
एआए,2,5.162222853160571e-05
उसय,2,5.162222853160571e-05
एआव,12,0.00030973337118963423
आवे,45,0.0011615001419611284
एअच,4,0.00010324445706321142
अती,3,7.743334279740856e-05
ईवी,2,5.162222853160571e-05
इसउ,5,0.00012905557132901428
उटक,15,0.0003871667139870428
एओन,1,2.5811114265802855e-05
आनउ,1,2.5811114265802855e-05
ईआइ,1,2.5811114265802855e-05
आगज,3,7.743334279740856e-05
उपद,7,0.00018067779986061998
आगक,6,0.00015486668559481711
ईवज,4,0.00010324445706321142
ईइस,19,0.0004904111710502542
ईएय,7,0.00018067779986061998
एया,11,0.0002839222569238314
ईये,7,0.00018067779986061998
आधी,5,0.00012905557132901428
इकच,10,0.00025811114265802856
ईथे,2,5.162222853160571e-05
आतत,1,2.5811114265802855e-05
आवै,1,2.5811114265802855e-05
इशह,3,7.743334279740856e-05
ऊफा,1,2.5811114265802855e-05
ईरि,9,0.0002323000283922257
ओखल,1,2.5811114265802855e-05
इलच,1,2.5811114265802855e-05
इलज,7,0.00018067779986061998
औरथ,7,0.00018067779986061998
ईजु,1,2.5811114265802855e-05
इनझ,1,2.5811114265802855e-05
उलझ,7,0.00018067779986061998
ईठो,2,5.162222853160571e-05
आरा,6,0.00015486668559481711
एमर,6,0.00015486668559481711
एसत,1,2.5811114265802855e-05
ओंआ,1,2.5811114265802855e-05
एअख,3,7.743334279740856e-05
उपज,2,5.162222853160571e-05
एअम,5,0.00012905557132901428
अबग,8,0.00020648891412642284
आरद,6,0.00015486668559481711
ऋति,2,5.162222853160571e-05
आंच,2,5.162222853160571e-05
एभग,3,7.743334279740856e-05
अनू,9,0.0002323000283922257
आकृ,1,2.5811114265802855e-05
इसि,4,0.00010324445706321142
अधू,3,7.743334279740856e-05
एवस,2,5.162222853160571e-05
आभू,2,5.162222853160571e-05
एमं,7,0.00018067779986061998
आंस,11,0.0002839222569238314
एखो,3,7.743334279740856e-05
ईशि,3,7.743334279740856e-05
उसछ,1,2.5811114265802855e-05
ईकम,14,0.00036135559972123995
उथअ,7,0.00018067779986061998
ईगे,3,7.743334279740856e-05
ईसू,4,0.00010324445706321142
आईअ,2,5.162222853160571e-05
ईअग,1,2.5811114265802855e-05
ईलग,4,0.00010324445706321142
उटह,11,0.0002839222569238314
एटा,4,0.00010324445706321142
ईता,2,5.162222853160571e-05
एला,12,0.00030973337118963423
एपह,6,0.00015486668559481711
ईजे,3,7.743334279740856e-05
ईगो,4,0.00010324445706321142
एनश,1,2.5811114265802855e-05
अकब,16,0.0004129778282528457
ईरक,1,2.5811114265802855e-05
अमु,1,2.5811114265802855e-05
एदब,1,2.5811114265802855e-05
अपक,20,0.0005162222853160571
ईसी,18,0.0004646000567844514
आवर,1,2.5811114265802855e-05
एवर,8,0.00020648891412642284
अमू,3,7.743334279740856e-05
अपे,4,0.00010324445706321142
ईबह,2,5.162222853160571e-05
एसच,2,5.162222853160571e-05
ईसं,11,0.0002839222569238314
एटि,2,5.162222853160571e-05
एवज,1,2.5811114265802855e-05
आरन,2,5.162222853160571e-05
एबच,5,0.00012905557132901428
एथल,9,0.0002323000283922257
इनआ,9,0.0002323000283922257
आइट,8,0.00020648891412642284
इनए,2,5.162222853160571e-05
एफट,1,2.5811114265802855e-05
अवध,10,0.00025811114265802856
ईमह,9,0.0002323000283922257
ओशह,1,2.5811114265802855e-05
एउध,1,2.5811114265802855e-05
उधम,4,0.00010324445706321142
आबा,9,0.0002323000283922257
ईवे,10,0.00025811114265802856
आजए,4,0.00010324445706321142
ईअल,2,5.162222853160571e-05
ईएट,2,5.162222853160571e-05
ईदक,11,0.0002839222569238314
ईइक,1,2.5811114265802855e-05
इकब,6,0.00015486668559481711
आरि,3,7.743334279740856e-05
एहि,4,0.00010324445706321142
एअक,4,0.00010324445706321142
अकस,1,2.5811114265802855e-05
एमज,10,0.00025811114265802856
एपप,3,7.743334279740856e-05
ईजह,14,0.00036135559972123995
आयन,3,7.743334279740856e-05
ईहा,1,2.5811114265802855e-05
ईउस,6,0.00015486668559481711
उसह,4,0.00010324445706321142
उठन,9,0.0002323000283922257
ऊंच,7,0.00018067779986061998
ओएब,1,2.5811114265802855e-05
एबध,2,5.162222853160571e-05
अबु,4,0.00010324445706321142
इलअ,2,5.162222853160571e-05
एचु,8,0.00020648891412642284
इलप,12,0.00030973337118963423
इलल,2,5.162222853160571e-05
एघा,2,5.162222853160571e-05
आअम,1,2.5811114265802855e-05
आपफ,1,2.5811114265802855e-05
आपध,3,7.743334279740856e-05
ओरन,1,2.5811114265802855e-05
एचे,4,0.00010324445706321142
अबआ,9,0.0002323000283922257
आपइ,8,0.00020648891412642284
आएस,4,0.00010324445706321142
ओरख,2,5.162222853160571e-05
एखु,9,0.0002323000283922257
ईपह,7,0.00018067779986061998
अले,4,0.00010324445706321142
ईऐल,1,2.5811114265802855e-05
अफग,18,0.0004646000567844514
एरू,2,5.162222853160571e-05
ओंव,4,0.00010324445706321142
इशा,11,0.0002839222569238314
अनव,8,0.00020648891412642284
ईशे,2,5.162222853160571e-05
आमब,5,0.00012905557132901428
आजआ,2,5.162222853160571e-05
एथो,3,7.743334279740856e-05
इनग,6,0.00015486668559481711
इनच,3,7.743334279740856e-05
आहर,1,2.5811114265802855e-05
इडी,1,2.5811114265802855e-05
ईधो,2,5.162222853160571e-05
उसल,6,0.00015486668559481711
अदल,9,0.0002323000283922257
एआक,1,2.5811114265802855e-05
उसै,4,0.00010324445706321142
एअभ,4,0.00010324445706321142
ईही,3,7.743334279740856e-05
अयो,14,0.00036135559972123995
अंश,6,0.00015486668559481711
एसह,7,0.00018067779986061998
एवक,6,0.00015486668559481711
एउत,5,0.00012905557132901428
आजफ,3,7.743334279740856e-05
अरा,3,7.743334279740856e-05
अवश,3,7.743334279740856e-05
अनज,6,0.00015486668559481711
एसव,9,0.0002323000283922257
एगै,1,2.5811114265802855e-05
औरष,1,2.5811114265802855e-05
आईई,2,5.162222853160571e-05
ईईड,2,5.162222853160571e-05
अबू,1,2.5811114265802855e-05
उमै,1,2.5811114265802855e-05
एगन,1,2.5811114265802855e-05
उसए,2,5.162222853160571e-05
आरट,16,0.0004129778282528457
आधु,6,0.00015486668559481711
ईतै,4,0.00010324445706321142
ईहज,2,5.162222853160571e-05
ईतम,1,2.5811114265802855e-05
उसज,5,0.00012905557132901428
आगद,1,2.5811114265802855e-05
ईखब,2,5.162222853160571e-05
एफए,4,0.00010324445706321142
आठब,3,7.743334279740856e-05
आठद,1,2.5811114265802855e-05
आगप,2,5.162222853160571e-05
एघट,4,0.00010324445706321142
आगश,1,2.5811114265802855e-05
आगभ,1,2.5811114265802855e-05
ईशह,11,0.0002839222569238314
आईर,4,0.00010324445706321142
एफप,4,0.00010324445706321142
ईनक,5,0.00012905557132901428
आपश,3,7.743334279740856e-05
एतम,1,2.5811114265802855e-05
आजश,6,0.00015486668559481711
ईसप,3,7.743334279740856e-05
अको,2,5.162222853160571e-05
आकस,1,2.5811114265802855e-05
ईअध,3,7.743334279740856e-05
अशफ,1,2.5811114265802855e-05
अनई,1,2.5811114265802855e-05
ईबय,2,5.162222853160571e-05
ईंप,2,5.162222853160571e-05
उपस,15,0.0003871667139870428
उसब,4,0.00010324445706321142
एतु,3,7.743334279740856e-05
एडल,2,5.162222853160571e-05
आपग,5,0.00012905557132901428
अलप,3,7.743334279740856e-05
ऐजस,1,2.5811114265802855e-05
अलय,1,2.5811114265802855e-05
आदत,13,0.0003355444854554371
आदी,1,2.5811114265802855e-05
एदव,1,2.5811114265802855e-05
ओंह,1,2.5811114265802855e-05
एबन,5,0.00012905557132901428
इमप,7,0.00018067779986061998
अहल,1,2.5811114265802855e-05
ईपा,4,0.00010324445706321142
आवज,4,0.00010324445706321142
उमड,2,5.162222853160571e-05
एमो,12,0.00030973337118963423
एलआ,6,0.00015486668559481711
आरर,1,2.5811114265802855e-05
इफल,2,5.162222853160571e-05
उरर,3,7.743334279740856e-05
आमत,11,0.0002839222569238314
उपे,1,2.5811114265802855e-05
एबै,3,7.743334279740856e-05
ईडे,2,5.162222853160571e-05
इडे,1,2.5811114265802855e-05
इकट,13,0.0003355444854554371
उठख,4,0.00010324445706321142
ओरइ,2,5.162222853160571e-05
एबक,1,2.5811114265802855e-05
ईंऔ,5,0.00012905557132901428
एआं,5,0.00012905557132901428
इनन,5,0.00012905557132901428
इडक,8,0.00020648891412642284
अमन,7,0.00018067779986061998
उसत,2,5.162222853160571e-05
इजल,1,2.5811114265802855e-05
उसभ,2,5.162222853160571e-05
ईउद,3,7.743334279740856e-05
आंह,1,2.5811114265802855e-05
उबल,1,2.5811114265802855e-05
एहल,4,0.00010324445706321142
एदु,1,2.5811114265802855e-05
एशो,3,7.743334279740856e-05
ईयू,12,0.00030973337118963423
इने,8,0.00020648891412642284
एवै,3,7.743334279740856e-05
एउप,9,0.0002323000283922257
एरो,10,0.00025811114265802856
ईअस,4,0.00010324445706321142
ईधा,2,5.162222853160571e-05
एमफ,1,2.5811114265802855e-05
इबल,2,5.162222853160571e-05
औरढ,1,2.5811114265802855e-05
आहू,5,0.00012905557132901428
ईअफ,4,0.00010324445706321142
एबस,1,2.5811114265802855e-05
आफस,1,2.5811114265802855e-05
एमग,1,2.5811114265802855e-05
एआह,1,2.5811114265802855e-05
इटि,5,0.00012905557132901428
इनि,1,2.5811114265802855e-05
एडी,9,0.0002323000283922257
एबइ,1,2.5811114265802855e-05
ओरय,1,2.5811114265802855e-05
अघा,1,2.5811114265802855e-05
उपर,15,0.0003871667139870428
ईयो,5,0.00012905557132901428
ओरि,1,2.5811114265802855e-05
ऋषि,17,0.00043878894251864854
आअप,1,2.5811114265802855e-05
इईय,1,2.5811114265802855e-05
एतस,1,2.5811114265802855e-05
आईय,6,0.00015486668559481711
एतर,4,0.00010324445706321142
एडव,9,0.0002323000283922257
इजक,4,0.00010324445706321142
इजआ,1,2.5811114265802855e-05
आपअ,26,0.0006710889709108742
आजज,6,0.00015486668559481711
इपच,1,2.5811114265802855e-05
एकउ,3,7.743334279740856e-05
ईनड,1,2.5811114265802855e-05
एतभ,1,2.5811114265802855e-05
आपय,5,0.00012905557132901428
अहं,1,2.5811114265802855e-05
ईगल,5,0.00012905557132901428
औरऔ,2,5.162222853160571e-05
आलस,1,2.5811114265802855e-05
इवस,4,0.00010324445706321142
एमह,4,0.00010324445706321142
ईआय,3,7.743334279740856e-05
ईनई,3,7.743334279740856e-05
एआप,14,0.00036135559972123995
इनो,3,7.743334279740856e-05
ऐशो,1,2.5811114265802855e-05
अबख,12,0.00030973337118963423
एचल,2,5.162222853160571e-05
एदू,5,0.00012905557132901428
ईथि,1,2.5811114265802855e-05
इजस,1,2.5811114265802855e-05
इजइ,3,7.743334279740856e-05
इटओ,3,7.743334279740856e-05
ओके,9,0.0002323000283922257
इटन,2,5.162222853160571e-05
एनव,2,5.162222853160571e-05
अवद,1,2.5811114265802855e-05
उठत,9,0.0002323000283922257
ईपद,2,5.162222853160571e-05
एफस,2,5.162222853160571e-05
एफब,5,0.00012905557132901428
आईइ,4,0.00010324445706321142
एफम,4,0.00010324445706321142
आयर,3,7.743334279740856e-05
ओली,1,2.5811114265802855e-05
आरे,1,2.5811114265802855e-05
आमे,1,2.5811114265802855e-05
एरे,8,0.00020648891412642284
उबर,7,0.00018067779986061998
अबए,10,0.00025811114265802856
अपप,2,5.162222853160571e-05
एबु,7,0.00018067779986061998
एंन,1,2.5811114265802855e-05
ईरह,1,2.5811114265802855e-05
ऐडक,1,2.5811114265802855e-05
अनब,2,5.162222853160571e-05
एउठ,1,2.5811114265802855e-05
उठर,6,0.00015486668559481711
एसज,24,0.0006194667423792685
उनय,1,2.5811114265802855e-05
औरझ,3,7.743334279740856e-05
एगई,1,2.5811114265802855e-05
आइस,7,0.00018067779986061998
इसो,3,7.743334279740856e-05
ऊजा,1,2.5811114265802855e-05
एंआ,2,5.162222853160571e-05
ऐपक,6,0.00015486668559481711
ऐपच,1,2.5811114265802855e-05
एनु,3,7.743334279740856e-05
अलज,1,2.5811114265802855e-05
इपक,2,5.162222853160571e-05
इनऐ,1,2.5811114265802855e-05
एरज,4,0.00010324445706321142
एकं,3,7.743334279740856e-05
उनज,1,2.5811114265802855e-05
अहस,8,0.00020648891412642284
अबठ,1,2.5811114265802855e-05
ईंस,4,0.00010324445706321142
एगु,5,0.00012905557132901428
औरठ,2,5.162222853160571e-05
ईमू,2,5.162222853160571e-05
एसद,6,0.00015486668559481711
इजि,5,0.00012905557132901428
एसै,5,0.00012905557132901428
ओअभ,1,2.5811114265802855e-05
आतभ,3,7.743334279740856e-05
एठा,1,2.5811114265802855e-05
अवर,3,7.743334279740856e-05
इगर,19,0.0004904111710502542
अजु,2,5.162222853160571e-05
ईकद,6,0.00015486668559481711
एखड,1,2.5811114265802855e-05
इको,22,0.0005678445138476628
आडव,6,0.00015486668559481711
अलो,4,0.00010324445706321142
औंध,1,2.5811114265802855e-05
अरश,10,0.00025811114265802856
ईआप,3,7.743334279740856e-05
इवा,3,7.743334279740856e-05
ओरम,1,2.5811114265802855e-05
आरं,1,2.5811114265802855e-05
अनह,1,2.5811114265802855e-05
ईकं,6,0.00015486668559481711
इनज,11,0.0002839222569238314
आपू,3,7.743334279740856e-05
ईअट,1,2.5811114265802855e-05
एआय,2,5.162222853160571e-05
अवा,4,0.00010324445706321142
उसआ,5,0.00012905557132901428
इडल,7,0.00018067779986061998
ईदभ,1,2.5811114265802855e-05
आजर,5,0.00012905557132901428
आजख,2,5.162222853160571e-05
एबढ,5,0.00012905557132901428
एरक,1,2.5811114265802855e-05
एधम,2,5.162222853160571e-05
आथो,3,7.743334279740856e-05
एमध,2,5.162222853160571e-05
अभा,4,0.00010324445706321142
अबओ,1,2.5811114265802855e-05
ईअच,2,5.162222853160571e-05
अरम,2,5.162222853160571e-05
आठर,2,5.162222853160571e-05
ईयह,5,0.00012905557132901428
अरक,2,5.162222853160571e-05
ईआठ,1,2.5811114265802855e-05
आठल,2,5.162222853160571e-05
एमल,2,5.162222853160571e-05
इलए,2,5.162222853160571e-05
अशि,5,0.00012905557132901428
अबफ,4,0.00010324445706321142
अमा,6,0.00015486668559481711
एंफ,1,2.5811114265802855e-05
आधन,1,2.5811114265802855e-05
एजल,4,0.00010324445706321142
ईडा,5,0.00012905557132901428
एकै,3,7.743334279740856e-05
आपख,3,7.743334279740856e-05
एअय,1,2.5811114265802855e-05
ईभड,1,2.5811114265802855e-05
ऊबय,1,2.5811114265802855e-05
आदा,3,7.743334279740856e-05
ईपक,1,2.5811114265802855e-05
ईआस,3,7.743334279740856e-05
ईएप,1,2.5811114265802855e-05
एंस,10,0.00025811114265802856
उनख,3,7.743334279740856e-05
एजव,1,2.5811114265802855e-05
इसछ,2,5.162222853160571e-05
ओटम,1,2.5811114265802855e-05
एकु,18,0.0004646000567844514
एलब,5,0.00012905557132901428
अाह,1,2.5811114265802855e-05
इटड,2,5.162222853160571e-05
आएट,2,5.162222853160571e-05
एटै,3,7.743334279740856e-05
उसघ,1,2.5811114265802855e-05
एआग,8,0.00020648891412642284
ईमं,4,0.00010324445706321142
ईकई,2,5.162222853160571e-05
औरऊ,3,7.743334279740856e-05
इमक,6,0.00015486668559481711
ओकि,1,2.5811114265802855e-05
एलम,3,7.743334279740856e-05
एंय,4,0.00010324445706321142
औला,2,5.162222853160571e-05
एवो,7,0.00018067779986061998
एनी,5,0.00012905557132901428
एआओ,1,2.5811114265802855e-05
आपल,6,0.00015486668559481711
इमआ,1,2.5811114265802855e-05
ईहू,2,5.162222853160571e-05
इबइ,1,2.5811114265802855e-05
एखा,4,0.00010324445706321142
उफा,2,5.162222853160571e-05
इचम,1,2.5811114265802855e-05
ईबढ,1,2.5811114265802855e-05
एफऔ,2,5.162222853160571e-05
इचज,1,2.5811114265802855e-05
ईंद,2,5.162222853160571e-05
ईशख,3,7.743334279740856e-05
आजइ,3,7.743334279740856e-05
इएज,5,0.00012905557132901428
उनह,4,0.00010324445706321142
एनब,4,0.00010324445706321142
ईफट,2,5.162222853160571e-05
आभी,1,2.5811114265802855e-05
ईगय,1,2.5811114265802855e-05
ईएड,1,2.5811114265802855e-05
इकल,7,0.00018067779986061998
इकए,1,2.5811114265802855e-05
इफऔ,3,7.743334279740856e-05
औरघ,13,0.0003355444854554371
ओहै,1,2.5811114265802855e-05
ईरज,1,2.5811114265802855e-05
ईधर,2,5.162222853160571e-05
एएड,4,0.00010324445706321142
आगउ,1,2.5811114265802855e-05
उगल,4,0.00010324445706321142
ईबल,4,0.00010324445706321142
आशु,15,0.0003871667139870428
ईवर,7,0.00018067779986061998
इटथ,1,2.5811114265802855e-05
इटआ,2,5.162222853160571e-05
आधे,4,0.00010324445706321142
आटन,2,5.162222853160571e-05
आके,2,5.162222853160571e-05
इचक,1,2.5811114265802855e-05
ईबु,9,0.0002323000283922257
आतो,5,0.00012905557132901428
उटड,1,2.5811114265802855e-05
अपं,1,2.5811114265802855e-05
इडर,3,7.743334279740856e-05
एखि,1,2.5811114265802855e-05
आभग,1,2.5811114265802855e-05
ईनि,7,0.00018067779986061998
इलो,6,0.00015486668559481711
उपउ,4,0.00010324445706321142
ईउप,2,5.162222853160571e-05
असा,4,0.00010324445706321142
ओरउ,2,5.162222853160571e-05
अभद,4,0.00010324445706321142
अभू,1,2.5811114265802855e-05
ईगड,1,2.5811114265802855e-05
एएग,1,2.5811114265802855e-05
इकऔ,2,5.162222853160571e-05
इनइ,8,0.00020648891412642284
उंस,11,0.0002839222569238314
इशन,1,2.5811114265802855e-05
ईलि,6,0.00015486668559481711
अनी,3,7.743334279740856e-05
आएफ,1,2.5811114265802855e-05
एफो,1,2.5811114265802855e-05
आमज,4,0.00010324445706321142
ऐपप,2,5.162222853160571e-05
ईमद,3,7.743334279740856e-05
आखा,1,2.5811114265802855e-05
एती,9,0.0002323000283922257
आएम,2,5.162222853160571e-05
ईउम,3,7.743334279740856e-05
ओएस,4,0.00010324445706321142
इटफ,4,0.00010324445706321142
इनश,5,0.00012905557132901428
इनफ,3,7.743334279740856e-05
एसड,14,0.00036135559972123995
ऐपर,1,2.5811114265802855e-05
ऐपद,1,2.5811114265802855e-05
ईओस,2,5.162222853160571e-05
ओसु,2,5.162222853160571e-05
ईओक,5,0.00012905557132901428
आकै,1,2.5811114265802855e-05
ईफै,6,0.00015486668559481711
इएउ,2,5.162222853160571e-05
एआश,1,2.5811114265802855e-05
अता,2,5.162222853160571e-05
ऐमु,1,2.5811114265802855e-05
ईतू,1,2.5811114265802855e-05
ईकु,4,0.00010324445706321142
अजन,1,2.5811114265802855e-05
ऊरे,1,2.5811114265802855e-05
ईफो,3,7.743334279740856e-05
ईउं,1,2.5811114265802855e-05
ईजज,1,2.5811114265802855e-05
एएम,2,5.162222853160571e-05
एमख,2,5.162222853160571e-05
एशक,1,2.5811114265802855e-05
ईचे,3,7.743334279740856e-05
उनत,4,0.00010324445706321142
एंश,3,7.743334279740856e-05
ईपत,3,7.743334279740856e-05
एफू,1,2.5811114265802855e-05
ओमा,6,0.00015486668559481711
उजु,1,2.5811114265802855e-05
अदन,2,5.162222853160571e-05
एफा,3,7.743334279740856e-05
आसस,1,2.5811114265802855e-05
एफइ,1,2.5811114265802855e-05
ईशक,2,5.162222853160571e-05
ईमो,2,5.162222853160571e-05
एपफ,1,2.5811114265802855e-05
ईसि,4,0.00010324445706321142
इशि,10,0.00025811114265802856
उंच,1,2.5811114265802855e-05
एघर,3,7.743334279740856e-05
अभय,4,0.00010324445706321142
ईसौ,1,2.5811114265802855e-05
आयक,1,2.5811114265802855e-05
एयो,5,0.00012905557132901428
ओरद,5,0.00012905557132901428
एटस,1,2.5811114265802855e-05
अखा,4,0.00010324445706321142
आईड,8,0.00020648891412642284
ईजव,5,0.00012905557132901428
एफज,5,0.00012905557132901428
ईगं,1,2.5811114265802855e-05
एजघ,1,2.5811114265802855e-05
ईपड,1,2.5811114265802855e-05
ईआल,1,2.5811114265802855e-05
एअव,2,5.162222853160571e-05
ईगि,1,2.5811114265802855e-05
एडब,1,2.5811114265802855e-05
एयं,1,2.5811114265802855e-05
एपड,1,2.5811114265802855e-05
इवक,5,0.00012905557132901428
अचल,2,5.162222853160571e-05
उषा,3,7.743334279740856e-05
ईंज,1,2.5811114265802855e-05
एमओ,4,0.00010324445706321142
ओपी,3,7.743334279740856e-05
औसत,9,0.0002323000283922257
अकम,2,5.162222853160571e-05
अफर,4,0.00010324445706321142
आयस,2,5.162222853160571e-05
इसा,4,0.00010324445706321142
अनक,1,2.5811114265802855e-05
ऐडम,1,2.5811114265802855e-05
एकृ,5,0.00012905557132901428
आएर,2,5.162222853160571e-05
आलम,5,0.00012905557132901428
आगर,4,0.00010324445706321142
अनए,1,2.5811114265802855e-05
अहर,1,2.5811114265802855e-05
आजन,4,0.00010324445706321142
अवग,2,5.162222853160571e-05
इतर,1,2.5811114265802855e-05
अबछ,3,7.743334279740856e-05
ईथा,2,5.162222853160571e-05
उटद,1,2.5811114265802855e-05
एछा,1,2.5811114265802855e-05
ईएब,1,2.5811114265802855e-05
आईभ,3,7.743334279740856e-05
एलओ,1,2.5811114265802855e-05
आको,2,5.162222853160571e-05
एभू,2,5.162222853160571e-05
अदु,2,5.162222853160571e-05
ईअक,2,5.162222853160571e-05
आबल,1,2.5811114265802855e-05
ईसद,1,2.5811114265802855e-05
आएए,1,2.5811114265802855e-05
एशह,1,2.5811114265802855e-05
आसल,1,2.5811114265802855e-05
एमछ,1,2.5811114265802855e-05
एते,1,2.5811114265802855e-05
एमय,6,0.00015486668559481711
ईएए,1,2.5811114265802855e-05
एरफ,1,2.5811114265802855e-05
ईधी,1,2.5811114265802855e-05
ईनअ,8,0.00020648891412642284
ईजम,1,2.5811114265802855e-05
ओवल,2,5.162222853160571e-05
एफण,1,2.5811114265802855e-05
ईनइ,1,2.5811114265802855e-05
ऊधम,2,5.162222853160571e-05
ईवए,1,2.5811114265802855e-05
ईसक,3,7.743334279740856e-05
इफट,2,5.162222853160571e-05
आईश,2,5.162222853160571e-05
इशअ,1,2.5811114265802855e-05
ईसन,1,2.5811114265802855e-05
एंव,2,5.162222853160571e-05
अबल,8,0.00020648891412642284
इवश,2,5.162222853160571e-05
ईलव,6,0.00015486668559481711
आपच,7,0.00018067779986061998
एपन,1,2.5811114265802855e-05
आएत,6,0.00015486668559481711
उटब,1,2.5811114265802855e-05
उजर,2,5.162222853160571e-05
आंव,2,5.162222853160571e-05
एएय,4,0.00010324445706321142
ईसह,3,7.743334279740856e-05
इटज,1,2.5811114265802855e-05
इलथ,1,2.5811114265802855e-05
एफत,1,2.5811114265802855e-05
ईरो,4,0.00010324445706321142
आजं,1,2.5811114265802855e-05
आठट,2,5.162222853160571e-05
उसठ,2,5.162222853160571e-05
ऊबड,1,2.5811114265802855e-05
ऐनम,1,2.5811114265802855e-05
उसट,1,2.5811114265802855e-05
अबध,2,5.162222853160571e-05
इटऔ,3,7.743334279740856e-05
ईढी,1,2.5811114265802855e-05
एखत,3,7.743334279740856e-05
एअज,1,2.5811114265802855e-05
एंथ,5,0.00012905557132901428
एडश,1,2.5811114265802855e-05
ईशन,1,2.5811114265802855e-05
आएश,2,5.162222853160571e-05
एंउ,4,0.00010324445706321142
एहौ,1,2.5811114265802855e-05
एथन,1,2.5811114265802855e-05
एआस,2,5.162222853160571e-05
ओें,1,2.5811114265802855e-05
एलु,3,7.743334279740856e-05
एइम,2,5.162222853160571e-05
अलम,3,7.743334279740856e-05
अपत,1,2.5811114265802855e-05
ईएफ,1,2.5811114265802855e-05
एएं,1,2.5811114265802855e-05
इसई,1,2.5811114265802855e-05
ईदप,4,0.00010324445706321142
एवा,5,0.00012905557132901428
इये,3,7.743334279740856e-05
एंए,1,2.5811114265802855e-05
ओलफ,1,2.5811114265802855e-05
ओलऔ,5,0.00012905557132901428
ओलब,1,2.5811114265802855e-05
ओलल,1,2.5811114265802855e-05
आकं,1,2.5811114265802855e-05
ओअम,1,2.5811114265802855e-05
इडभ,1,2.5811114265802855e-05
इरो,5,0.00012905557132901428
एमद,3,7.743334279740856e-05
एटल,2,5.162222853160571e-05
उले,2,5.162222853160571e-05
ऋतु,1,2.5811114265802855e-05
ईभल,1,2.5811114265802855e-05
ओहा,1,2.5811114265802855e-05
इटै,1,2.5811114265802855e-05
अहि,2,5.162222853160571e-05
आबी,1,2.5811114265802855e-05
ईअं,2,5.162222853160571e-05
आयद,1,2.5811114265802855e-05
इपल,3,7.743334279740856e-05
ईछे,2,5.162222853160571e-05
ईचो,2,5.162222853160571e-05
उठी,6,0.00015486668559481711
ईदल,1,2.5811114265802855e-05
ईधक,1,2.5811114265802855e-05
एगठ,2,5.162222853160571e-05
ईंक,6,0.00015486668559481711
एदा,4,0.00010324445706321142
ईआम,1,2.5811114265802855e-05
एइक,2,5.162222853160571e-05
ईलै,5,0.00012905557132901428
एफे,3,7.743334279740856e-05
इडन,8,0.00020648891412642284
ओकर,1,2.5811114265802855e-05
इबो,1,2.5811114265802855e-05
अपद,3,7.743334279740856e-05
इडए,5,0.00012905557132901428
आनह,1,2.5811114265802855e-05
अदि,6,0.00015486668559481711
अडि,1,2.5811114265802855e-05
ईआद,1,2.5811114265802855e-05
ईअब,4,0.00010324445706321142
आएन,2,5.162222853160571e-05
अपश,1,2.5811114265802855e-05
एजु,4,0.00010324445706321142
इटी,7,0.00018067779986061998
अलह,2,5.162222853160571e-05
उचक,1,2.5811114265802855e-05
ऊदी,6,0.00015486668559481711
अहद,1,2.5811114265802855e-05
एमी,4,0.00010324445706321142
एवन,1,2.5811114265802855e-05
एलं,2,5.162222853160571e-05
ईइर,1,2.5811114265802855e-05
एसउ,1,2.5811114265802855e-05
एफओ,2,5.162222853160571e-05
ओमे,1,2.5811114265802855e-05
एईड,1,2.5811114265802855e-05
एफख,1,2.5811114265802855e-05
आकल,3,7.743334279740856e-05
एपट,3,7.743334279740856e-05
आफज,1,2.5811114265802855e-05
ईबि,2,5.162222853160571e-05
एगह,2,5.162222853160571e-05
एंल,3,7.743334279740856e-05
ओरध,1,2.5811114265802855e-05
ईइम,1,2.5811114265802855e-05
एगृ,1,2.5811114265802855e-05
ईते,1,2.5811114265802855e-05
एनई,3,7.743334279740856e-05
ईमअ,1,2.5811114265802855e-05
इजे,2,5.162222853160571e-05
आफत,3,7.743334279740856e-05
आगि,5,0.00012905557132901428
ओरफ,1,2.5811114265802855e-05
ईभग,1,2.5811114265802855e-05
उडु,2,5.162222853160571e-05
अनश,7,0.00018067779986061998
उथए,4,0.00010324445706321142
ओबे,4,0.00010324445706321142
ओजा,1,2.5811114265802855e-05
आनी,1,2.5811114265802855e-05
इलट,1,2.5811114265802855e-05
एभु,1,2.5811114265802855e-05
इलब,4,0.00010324445706321142
एडे,5,0.00012905557132901428
इवि,5,0.00012905557132901428
इमम,2,5.162222853160571e-05
एचआ,5,0.00012905557132901428
आरड,5,0.00012905557132901428
एसल,2,5.162222853160571e-05
आहि,1,2.5811114265802855e-05
आचे,1,2.5811114265802855e-05
ओमं,1,2.5811114265802855e-05
आऊं,1,2.5811114265802855e-05
ईअद,1,2.5811114265802855e-05
एशे,2,5.162222853160571e-05
ईइच,1,2.5811114265802855e-05
इफअ,2,5.162222853160571e-05
उसअ,4,0.00010324445706321142
ऊसे,3,7.743334279740856e-05
आदो,1,2.5811114265802855e-05
एठी,2,5.162222853160571e-05
आघु,1,2.5811114265802855e-05
एनओ,11,0.0002839222569238314
ईवो,3,7.743334279740856e-05
एहत,1,2.5811114265802855e-05
उजा,3,7.743334279740856e-05
इनउ,5,0.00012905557132901428
एहन,1,2.5811114265802855e-05
आजओ,1,2.5811114265802855e-05
इजी,8,0.00020648891412642284
ओदु,1,2.5811114265802855e-05
इबे,1,2.5811114265802855e-05
ईवक,1,2.5811114265802855e-05
उके,5,0.00012905557132901428
इकभ,2,5.162222853160571e-05
ओरश,1,2.5811114265802855e-05
आमद,1,2.5811114265802855e-05
ऊआध,1,2.5811114265802855e-05
ईसल,2,5.162222853160571e-05
एंच,4,0.00010324445706321142
एशर,3,7.743334279740856e-05
आठछ,1,2.5811114265802855e-05
एचओ,3,7.743334279740856e-05
ओसह,1,2.5811114265802855e-05
आमउ,1,2.5811114265802855e-05
अवक,1,2.5811114265802855e-05
एहव,1,2.5811114265802855e-05
ईयु,4,0.00010324445706321142
उनभ,1,2.5811114265802855e-05
ओरब,5,0.00012905557132901428
एसध,3,7.743334279740856e-05
एचौ,1,2.5811114265802855e-05
अडा,7,0.00018067779986061998
एलऐ,1,2.5811114265802855e-05
एअश,1,2.5811114265802855e-05
उटप,1,2.5811114265802855e-05
ईकत,1,2.5811114265802855e-05
ईबत,2,5.162222853160571e-05
अरस,3,7.743334279740856e-05
ईमर,1,2.5811114265802855e-05
ऐपब,1,2.5811114265802855e-05
ईथो,1,2.5811114265802855e-05
आजव,3,7.743334279740856e-05
इमै,2,5.162222853160571e-05
अनफ,1,2.5811114265802855e-05
एउर,1,2.5811114265802855e-05
एलज,6,0.00015486668559481711
ऊभा,1,2.5811114265802855e-05
एहे,2,5.162222853160571e-05
ऊमह,3,7.743334279740856e-05
ईकभ,2,5.162222853160571e-05
इरन,1,2.5811114265802855e-05
उथख,1,2.5811114265802855e-05
एउड,1,2.5811114265802855e-05
इडह,1,2.5811114265802855e-05
ईपढ,1,2.5811114265802855e-05
एपब,1,2.5811114265802855e-05
अनम,1,2.5811114265802855e-05
ऐतर,1,2.5811114265802855e-05
एंअ,6,0.00015486668559481711
ईघं,2,5.162222853160571e-05
ईतं,1,2.5811114265802855e-05
ईतस,3,7.743334279740856e-05
आफो,1,2.5811114265802855e-05
आति,2,5.162222853160571e-05
ईछू,1,2.5811114265802855e-05
अधज,1,2.5811114265802855e-05
आखर,1,2.5811114265802855e-05
ईमी,1,2.5811114265802855e-05
एमउ,1,2.5811114265802855e-05
अबझ,1,2.5811114265802855e-05
आईम,2,5.162222853160571e-05
आयब,1,2.5811114265802855e-05
अबऋ,1,2.5811114265802855e-05
एनर,2,5.162222853160571e-05
अया,2,5.162222853160571e-05
एइत,1,2.5811114265802855e-05
ईआज,1,2.5811114265802855e-05
ईंउ,1,2.5811114265802855e-05
ईंर,1,2.5811114265802855e-05
एरश,1,2.5811114265802855e-05
ओनर,1,2.5811114265802855e-05
ईगौ,1,2.5811114265802855e-05
ईशो,1,2.5811114265802855e-05
ईरश,1,2.5811114265802855e-05
आलर,2,5.162222853160571e-05
एइश,1,2.5811114265802855e-05
ओएल,1,2.5811114265802855e-05
अजव,1,2.5811114265802855e-05
अखर,1,2.5811114265802855e-05
इडइ,1,2.5811114265802855e-05
ओला,13,0.0003355444854554371
एतथ,1,2.5811114265802855e-05
एचं,1,2.5811114265802855e-05
ओंय,1,2.5811114265802855e-05
आचा,5,0.00012905557132901428
आयप,1,2.5811114265802855e-05
ईनौ,3,7.743334279740856e-05
एनअ,1,2.5811114265802855e-05
अलि,1,2.5811114265802855e-05
एफई,1,2.5811114265802855e-05
एदस,2,5.162222853160571e-05
ईंभ,1,2.5811114265802855e-05
आयम,1,2.5811114265802855e-05
आठम,1,2.5811114265802855e-05
आजल,1,2.5811114265802855e-05
उथफ,1,2.5811114265802855e-05
आलु,1,2.5811114265802855e-05
उथइ,2,5.162222853160571e-05
ओंत,2,5.162222853160571e-05
इडस,3,7.743334279740856e-05
इकह,1,2.5811114265802855e-05
इकज,1,2.5811114265802855e-05
इकन,3,7.743334279740856e-05
ईनत,1,2.5811114265802855e-05
एकझ,2,5.162222853160571e-05
ऐंग,1,2.5811114265802855e-05
अनआ,1,2.5811114265802855e-05
अबऔ,1,2.5811114265802855e-05
ईबम,2,5.162222853160571e-05
इमअ,1,2.5811114265802855e-05
इवप,1,2.5811114265802855e-05
एआन,1,2.5811114265802855e-05
ओआन,1,2.5811114265802855e-05
इजन,1,2.5811114265802855e-05
अपि,1,2.5811114265802855e-05
ऐशऔ,1,2.5811114265802855e-05
आमी,3,7.743334279740856e-05
इपआ,1,2.5811114265802855e-05
इडअ,1,2.5811114265802855e-05
ईपो,2,5.162222853160571e-05
ईबज,3,7.743334279740856e-05
इटश,1,2.5811114265802855e-05
ईकड,1,2.5811114265802855e-05
आइक,1,2.5811114265802855e-05
उधा,2,5.162222853160571e-05
एपऔ,2,5.162222853160571e-05
इटट,1,2.5811114265802855e-05
उसऔ,1,2.5811114265802855e-05
आठच,1,2.5811114265802855e-05
ओरव,1,2.5811114265802855e-05
आएअ,1,2.5811114265802855e-05
एएप,1,2.5811114265802855e-05
अगे,2,5.162222853160571e-05
एएए,1,2.5811114265802855e-05
ओशो,18,0.0004646000567844514
आवस,2,5.162222853160571e-05
उटस,2,5.162222853160571e-05
ओती,1,2.5811114265802855e-05
ईयत,1,2.5811114265802855e-05
आपओ,1,2.5811114265802855e-05
ओशा,1,2.5811114265802855e-05
अरि,1,2.5811114265802855e-05
एभट,1,2.5811114265802855e-05
अनट,3,7.743334279740856e-05
असि,6,0.00015486668559481711
एउद,1,2.5811114265802855e-05
ईटा,3,7.743334279740856e-05
इडऔ,1,2.5811114265802855e-05
उनट,1,2.5811114265802855e-05
एमट,3,7.743334279740856e-05
ईघा,1,2.5811114265802855e-05
एमृ,1,2.5811114265802855e-05
ओजो,2,5.162222853160571e-05
ईदश,1,2.5811114265802855e-05
ईवै,1,2.5811114265802855e-05
ईरौ,2,5.162222853160571e-05
उजक,1,2.5811114265802855e-05
आजग,1,2.5811114265802855e-05
ईअभ,4,0.00010324445706321142
ईमश,1,2.5811114265802855e-05
आखज,1,2.5811114265802855e-05
ईंध,4,0.00010324445706321142
उथल,2,5.162222853160571e-05
एनध,1,2.5811114265802855e-05
एएआ,1,2.5811114265802855e-05
इजय,1,2.5811114265802855e-05
उनश,1,2.5811114265802855e-05
ऊनह,1,2.5811114265802855e-05
एरह,3,7.743334279740856e-05
एमश,2,5.162222853160571e-05
आबे,2,5.162222853160571e-05
एजख,2,5.162222853160571e-05
इनट,1,2.5811114265802855e-05
इवऔ,1,2.5811114265802855e-05
आजच,1,2.5811114265802855e-05
अरू,1,2.5811114265802855e-05
अनद,1,2.5811114265802855e-05
ईसच,1,2.5811114265802855e-05
एसख,2,5.162222853160571e-05
एआध,1,2.5811114265802855e-05
एगं,1,2.5811114265802855e-05
आठप,1,2.5811114265802855e-05
एशं,2,5.162222853160571e-05
ईलू,2,5.162222853160571e-05
इलऔ,2,5.162222853160571e-05
ओसि,1,2.5811114265802855e-05
एसओ,6,0.00015486668559481711
ऊजो,1,2.5811114265802855e-05
आउस,1,2.5811114265802855e-05
ऊमध,2,5.162222853160571e-05
ईलं,1,2.5811114265802855e-05
अजह,4,0.00010324445706321142
अलड,2,5.162222853160571e-05
अमं,1,2.5811114265802855e-05
ईंग,1,2.5811114265802855e-05
इफव,2,5.162222853160571e-05
इजद,1,2.5811114265802855e-05
ईहर,1,2.5811114265802855e-05
इवज,1,2.5811114265802855e-05
आठअ,1,2.5811114265802855e-05
एअद,1,2.5811114265802855e-05
ईनम,1,2.5811114265802855e-05
आइआ,1,2.5811114265802855e-05
इआर,1,2.5811114265802855e-05
आलई,1,2.5811114265802855e-05
एअत,3,7.743334279740856e-05
उसच,1,2.5811114265802855e-05
उदक,1,2.5811114265802855e-05
आगब,1,2.5811114265802855e-05
इसठ,1,2.5811114265802855e-05
आरअ,6,0.00015486668559481711
एगि,1,2.5811114265802855e-05
अंप,1,2.5811114265802855e-05
उटल,2,5.162222853160571e-05
इडथ,1,2.5811114265802855e-05
अबड,2,5.162222853160571e-05
इफए,3,7.743334279740856e-05
उसि,3,7.743334279740856e-05
इएआ,2,5.162222853160571e-05
एमव,1,2.5811114265802855e-05
उटम,2,5.162222853160571e-05
ईमऔ,1,2.5811114265802855e-05
ईकल,2,5.162222853160571e-05
औरं,1,2.5811114265802855e-05
इडब,1,2.5811114265802855e-05
उछल,3,7.743334279740856e-05
ईशस,2,5.162222853160571e-05
उथी,1,2.5811114265802855e-05
आतद,1,2.5811114265802855e-05
एलट,1,2.5811114265802855e-05
ईधम,1,2.5811114265802855e-05
ऊपु,2,5.162222853160571e-05
ओगो,1,2.5811114265802855e-05
ईलख,1,2.5811114265802855e-05
ऊकी,1,2.5811114265802855e-05
एलख,1,2.5811114265802855e-05
ऊबु,1,2.5811114265802855e-05
ईनब,1,2.5811114265802855e-05
ईटै,1,2.5811114265802855e-05
एगय,1,2.5811114265802855e-05
ओसा,2,5.162222853160571e-05
एगर,1,2.5811114265802855e-05
ईतब,1,2.5811114265802855e-05
ईटर,1,2.5811114265802855e-05
अनल,5,0.00012905557132901428
ईसो,1,2.5811114265802855e-05
अनच,1,2.5811114265802855e-05
एउच,1,2.5811114265802855e-05
ईओय,1,2.5811114265802855e-05
ओयु,1,2.5811114265802855e-05
एचय,1,2.5811114265802855e-05
ऐपल,9,0.0002323000283922257
एऐप,2,5.162222853160571e-05
इडड,1,2.5811114265802855e-05
इमऔ,1,2.5811114265802855e-05
इमज,1,2.5811114265802855e-05
ऐपय,1,2.5811114265802855e-05
ऐपफ,1,2.5811114265802855e-05
उटफ,1,2.5811114265802855e-05
ऐसि,1,2.5811114265802855e-05
ऐपम,1,2.5811114265802855e-05
ऐडन,1,2.5811114265802855e-05
ईफी,1,2.5811114265802855e-05
ऐपज,1,2.5811114265802855e-05
ओवा,2,5.162222853160571e-05
ओरा,2,5.162222853160571e-05
अबट,1,2.5811114265802855e-05
एबप,2,5.162222853160571e-05
ऊषा,1,2.5811114265802855e-05
अबई,1,2.5811114265802855e-05
इटब,1,2.5811114265802855e-05
इटव,1,2.5811114265802855e-05
ईमध,1,2.5811114265802855e-05
आइय,1,2.5811114265802855e-05
एभर,1,2.5811114265802855e-05
ईचं,1,2.5811114265802855e-05
अधे,1,2.5811114265802855e-05
ईपट,1,2.5811114265802855e-05
आतउ,1,2.5811114265802855e-05
इजप,1,2.5811114265802855e-05
एटो,1,2.5811114265802855e-05
इजम,2,5.162222853160571e-05
इकठ,2,5.162222853160571e-05
इलद,1,2.5811114265802855e-05
अछू,1,2.5811114265802855e-05
इजड,2,5.162222853160571e-05
ईखो,1,2.5811114265802855e-05
एखे,2,5.162222853160571e-05
ईऐश,2,5.162222853160571e-05
आरइ,1,2.5811114265802855e-05
एतय,1,2.5811114265802855e-05
इवन,1,2.5811114265802855e-05
आउअ,1,2.5811114265802855e-05
उअर,1,2.5811114265802855e-05
एपक,1,2.5811114265802855e-05
आपट,1,2.5811114265802855e-05
एरं,1,2.5811114265802855e-05
अभे,1,2.5811114265802855e-05
अरह,3,7.743334279740856e-05
ईउछ,1,2.5811114265802855e-05
इलड,3,7.743334279740856e-05
ओपू,1,2.5811114265802855e-05
एदी,1,2.5811114265802855e-05
ईदग,3,7.743334279740856e-05
इलइ,1,2.5811114265802855e-05
ईशर,1,2.5811114265802855e-05
ईगठ,1,2.5811114265802855e-05
एफउ,1,2.5811114265802855e-05
ईखि,1,2.5811114265802855e-05
एगू,1,2.5811114265802855e-05
ईडन,1,2.5811114265802855e-05
आबक,1,2.5811114265802855e-05
अपज,1,2.5811114265802855e-05
ईआध,1,2.5811114265802855e-05
ओसे,1,2.5811114265802855e-05
अठा,1,2.5811114265802855e-05
ईअख,1,2.5811114265802855e-05
अपग,1,2.5811114265802855e-05
आएच,1,2.5811114265802855e-05
एउग,1,2.5811114265802855e-05
उठज,1,2.5811114265802855e-05
इटए,1,2.5811114265802855e-05
उनए,2,5.162222853160571e-05
एंख,1,2.5811114265802855e-05
ऊसब,1,2.5811114265802855e-05
अमो,1,2.5811114265802855e-05
एडज,1,2.5811114265802855e-05
उथद,1,2.5811114265802855e-05
